transaction_id,sender_id,receiver_id,amount,timestamp,channel,country,label
TXN0000748,ACC00167403,ACC09577630,582.26,2023-01-01 16:45:27,digital_wallet,RU,normal
TXN0000916,ACC28437201,ACC51982661,8682.37,2023-01-01 22:14:37,cash,US,structuring
TXN0000855,ACC40250165,ACC38926395,15225.95,2023-01-02 14:26:12,ACH,US,normal
TXN0000848,ACC89880739,ACC93008687,71894.15,2023-01-02 19:55:58,check,MX,normal
TXN0000377,ACC42572396,ACC69111526,6690.75,2023-01-04 04:13:08,wire,RU,normal
TXN0000144,ACC88308904,ACC28437201,2384.99,2023-01-04 15:35:25,check,MX,normal
TXN0000517,ACC93008687,ACC89880739,3832.9,2023-01-04 16:04:55,ACH,US,normal
TXN0000597,ACC93008687,ACC04447690,1206.15,2023-01-04 17:19:26,check,US,normal
TXN0000884,ACC42149696,ACC25808631,9703.15,2023-01-04 19:33:09,cash,US,structuring
TXN0000568,ACC57129557,ACC63322966,398.56,2023-01-05 02:18:44,wire,MX,normal
TXN0000508,ACC72624980,ACC39274499,494.73,2023-01-05 14:27:32,wire,PA,normal
TXN0000112,ACC45123522,ACC72624980,1737.55,2023-01-06 07:27:18,digital_wallet,RU,normal
TXN0000507,ACC28437201,ACC62370499,743.53,2023-01-07 02:37:50,wire,PA,normal
TXN0000657,ACC35024564,ACC59358685,1846.22,2023-01-07 11:33:23,digital_wallet,US,normal
TXN0000800,ACC07714528,ACC43821442,1890.57,2023-01-08 20:35:03,cash,MX,normal
TXN0000303,ACC02298831,ACC72624980,5546.6,2023-01-08 21:31:46,check,NG,normal
TXN0000689,ACC60227680,ACC39274499,5252.4,2023-01-10 06:51:35,ACH,PA,normal
TXN0000005,ACC95980765,ACC83639422,1272.54,2023-01-10 11:39:40,wire,US,normal
TXN0000572,ACC83639422,ACC04447690,22351.66,2023-01-10 12:56:25,check,US,normal
TXN0000771,ACC95980765,ACC63322966,5227.18,2023-01-10 23:52:26,ACH,US,normal
TXN0000096,ACC11387882,ACC88308904,201.29,2023-01-11 01:04:41,wire,US,normal
TXN0000727,ACC07714528,ACC00167403,1858.73,2023-01-11 02:55:28,cash,KY,normal
TXN0000342,ACC75750309,ACC62370499,2605.89,2023-01-11 04:59:05,cash,PA,normal
TXN0000650,ACC35024564,ACC91919214,5137.44,2023-01-11 10:01:17,cash,US,normal
TXN0000030,ACC21784619,ACC69111526,1167.31,2023-01-11 11:20:43,check,KY,normal
TXN0000031,ACC42076275,ACC28437201,733.22,2023-01-11 12:36:33,wire,RU,normal
TXN0000531,ACC35024564,ACC06298026,4712.1,2023-01-12 12:07:52,cash,NG,normal
TXN0000361,ACC21784619,ACC89880739,3940.33,2023-01-12 18:17:06,check,PA,normal
TXN0000708,ACC88308904,ACC00167403,25139.39,2023-01-13 01:42:21,check,NG,normal
TXN0000192,ACC56218256,ACC88827188,6532.85,2023-01-13 02:20:42,wire,NG,normal
TXN0000936,ACC83639422,ACC93008687,145665.0,2023-01-13 13:07:02,wire,KY,layering
TXN0000749,ACC35024564,ACC42076275,722.5,2023-01-13 13:49:44,ACH,KY,normal
TXN0000328,ACC29485098,ACC42076275,5928.31,2023-01-13 13:51:11,digital_wallet,US,normal
TXN0000175,ACC39274499,ACC07714528,2738.15,2023-01-13 16:56:16,cash,US,normal
TXN0000937,ACC93008687,ACC91919214,153592.92,2023-01-13 19:07:02,wire,PA,layering
TXN0000938,ACC91919214,ACC42572396,146135.12,2023-01-13 23:07:02,ACH,US,layering
TXN0000939,ACC42572396,ACC26144982,154502.67,2023-01-14 01:07:02,ACH,CN,layering
TXN0000783,ACC99814240,ACC73653527,3198.05,2023-01-14 11:41:34,digital_wallet,KY,normal
TXN0000313,ACC45592723,ACC88308904,6236.19,2023-01-15 05:19:49,ACH,MX,normal
TXN0000104,ACC42149696,ACC72624980,542.71,2023-01-15 06:02:31,check,US,normal
TXN0000170,ACC87203229,ACC25808631,583.71,2023-01-15 10:50:31,cash,NG,normal
TXN0000290,ACC83639422,ACC87203229,710.49,2023-01-15 21:00:41,cash,NG,normal
TXN0000257,ACC88827188,ACC00167403,12092.81,2023-01-16 04:49:51,ACH,NG,normal
TXN0000155,ACC89880739,ACC88827188,2806.26,2023-01-16 07:26:42,cash,NG,normal
TXN0000095,ACC70220212,ACC11387882,1004.09,2023-01-16 11:31:45,check,CN,normal
TXN0000358,ACC21954781,ACC42076275,1172.64,2023-01-16 23:57:31,wire,US,normal
TXN0000191,ACC51982661,ACC21784619,925.4,2023-01-17 20:11:29,digital_wallet,MX,normal
TXN0000311,ACC42572396,ACC95980765,1304.37,2023-01-18 00:18:14,ACH,US,normal
TXN0000577,ACC59358685,ACC45123522,2574.53,2023-01-18 08:28:34,wire,US,normal
TXN0000453,ACC40089585,ACC59358685,412.16,2023-01-18 14:07:53,check,CN,normal
TXN0000677,ACC60227680,ACC75750309,341.77,2023-01-18 20:34:44,check,CN,normal
TXN0000895,ACC39274499,ACC56218256,8126.61,2023-01-18 21:52:35,cash,US,structuring
TXN0000475,ACC72624980,ACC62370499,21321.08,2023-01-19 04:59:29,cash,RU,normal
TXN0000314,ACC04447690,ACC35024564,6125.8,2023-01-19 13:33:57,cash,MX,normal
TXN0000866,ACC93008687,ACC11387882,1010.75,2023-01-19 15:01:23,wire,US,normal
TXN0000755,ACC09577630,ACC60227680,435.24,2023-01-19 16:46:00,check,NG,normal
TXN0000503,ACC59358685,ACC28437201,221.88,2023-01-19 20:11:12,wire,RU,normal
TXN0000395,ACC51982661,ACC09577630,10605.84,2023-01-20 22:39:53,digital_wallet,NG,normal
TXN0000282,ACC87203229,ACC88308904,4881.44,2023-01-21 06:21:03,check,CN,normal
TXN0000260,ACC38926395,ACC11387882,5778.8,2023-01-21 08:04:55,cash,US,normal
TXN0000416,ACC89880739,ACC51982661,588.32,2023-01-21 09:15:09,wire,RU,normal
TXN0000844,ACC45123522,ACC39274499,3208.68,2023-01-21 23:53:38,ACH,US,normal
TXN0000769,ACC62370499,ACC83639422,705.95,2023-01-22 04:01:19,cash,US,normal
TXN0000072,ACC07714528,ACC25808631,18161.42,2023-01-22 04:13:09,digital_wallet,MX,normal
TXN0000652,ACC42572396,ACC88827188,9797.16,2023-01-22 04:37:16,ACH,NG,normal
TXN0000731,ACC69111526,ACC63387334,2425.44,2023-01-22 17:06:23,ACH,KY,normal
TXN0000502,ACC69111526,ACC88827188,31701.68,2023-01-23 19:25:20,digital_wallet,US,normal
TXN0000091,ACC83639422,ACC59358685,2091.46,2023-01-24 03:52:00,ACH,MX,normal
TXN0000445,ACC42076275,ACC17139656,255.52,2023-01-24 23:37:36,digital_wallet,PA,normal
TXN0000401,ACC63387334,ACC09577630,165.4,2023-01-25 04:30:13,ACH,PA,normal
TXN0000697,ACC40089585,ACC42076275,2948.94,2023-01-25 04:31:06,check,US,normal
TXN0000546,ACC62370499,ACC83639422,547.11,2023-01-25 13:41:33,ACH,RU,normal
TXN0000021,ACC73653527,ACC26144982,16292.71,2023-01-25 22:39:22,check,RU,normal
TXN0000806,ACC02298831,ACC52583295,1137.11,2023-01-26 11:35:40,cash,PA,normal
TXN0000195,ACC11387882,ACC83639422,2344.37,2023-01-26 12:12:10,ACH,MX,normal
TXN0000344,ACC21784619,ACC70220212,845.21,2023-01-26 12:49:00,cash,RU,normal
TXN0000134,ACC25808631,ACC21784619,3678.97,2023-01-27 13:43:39,ACH,MX,normal
TXN0000037,ACC51982661,ACC88827188,2473.27,2023-01-27 15:34:10,wire,US,normal
TXN0000683,ACC25808631,ACC99814240,823.22,2023-01-27 18:26:27,check,MX,normal
TXN0000559,ACC42572396,ACC91919214,3267.17,2023-01-27 20:36:19,check,NG,normal
TXN0000217,ACC28437201,ACC99814240,567.23,2023-01-28 00:34:59,ACH,US,normal
TXN0000981,ACC63322966,ACC75750309,4853.39,2023-01-28 02:39:57,cash,US,smurfing
TXN0000088,ACC91919214,ACC56218256,2960.54,2023-01-28 15:26:36,ACH,MX,normal
TXN0000842,ACC40089585,ACC21784619,4975.24,2023-01-28 15:46:43,check,US,normal
TXN0000232,ACC28437201,ACC04447690,2501.61,2023-01-28 23:47:32,check,US,normal
TXN0000742,ACC87696082,ACC43821442,265.24,2023-01-29 04:02:36,cash,RU,normal
TXN0000194,ACC73653527,ACC05581901,279.05,2023-01-29 12:58:59,wire,CN,normal
TXN0000700,ACC07714528,ACC51982661,1370.11,2023-01-30 00:08:14,ACH,US,normal
TXN0000085,ACC00167403,ACC72624980,537.68,2023-01-30 03:39:19,ACH,US,normal
TXN0000161,ACC17139656,ACC56218256,419.04,2023-01-30 05:50:27,ACH,US,normal
TXN0000620,ACC29485098,ACC05581901,2529.62,2023-01-30 07:51:45,wire,RU,normal
TXN0000044,ACC73653527,ACC95980765,1150.95,2023-01-30 12:20:18,digital_wallet,US,normal
TXN0000251,ACC43821442,ACC42572396,272.78,2023-01-30 19:11:05,wire,KY,normal
TXN0000271,ACC87203229,ACC83639422,15707.76,2023-01-30 23:13:50,cash,US,normal
TXN0000635,ACC26144982,ACC45592723,396.17,2023-01-31 06:26:29,ACH,KY,normal
TXN0000238,ACC99814240,ACC87696082,2391.51,2023-01-31 13:02:38,check,MX,normal
TXN0000906,ACC99814240,ACC75750309,8917.73,2023-01-31 16:27:15,cash,US,structuring
TXN0000482,ACC21954781,ACC88827188,431.25,2023-01-31 16:59:23,check,CN,normal
TXN0000084,ACC88308904,ACC28437201,830.97,2023-02-01 12:43:19,ACH,US,normal
TXN0000222,ACC93008687,ACC38926395,109.85,2023-02-01 16:23:41,cash,NG,normal
TXN0000288,ACC75750309,ACC29485098,4369.81,2023-02-01 16:37:04,cash,US,normal
TXN0000772,ACC89880739,ACC42572396,777.67,2023-02-01 19:41:59,check,US,normal
TXN0000535,ACC73653527,ACC59358685,680.1,2023-02-01 20:38:58,cash,US,normal
TXN0000600,ACC62370499,ACC52583295,3184.18,2023-02-02 02:32:45,digital_wallet,US,normal
TXN0000265,ACC11387882,ACC73653527,1237.87,2023-02-02 21:38:18,cash,PA,normal
TXN0000590,ACC21784619,ACC40089585,500.63,2023-02-02 21:56:44,ACH,CN,normal
TXN0000722,ACC45592723,ACC93008687,139.04,2023-02-04 01:37:26,cash,RU,normal
TXN0000907,ACC42076275,ACC05581901,9712.32,2023-02-04 05:21:16,cash,US,structuring
TXN0000374,ACC62370499,ACC40250165,7622.85,2023-02-04 23:19:06,check,PA,normal
TXN0000135,ACC51982661,ACC63387334,455.26,2023-02-05 02:23:47,check,US,normal
TXN0000061,ACC05581901,ACC40250165,881.16,2023-02-06 03:19:12,cash,US,normal
TXN0000631,ACC52583295,ACC07714528,142.78,2023-02-06 05:59:30,cash,MX,normal
TXN0000956,ACC25808631,ACC42572396,103134.15,2023-02-07 06:22:43,wire,US,layering
TXN0000958,ACC88827188,ACC95980765,110652.26,2023-02-07 10:22:43,ACH,US,layering
TXN0000204,ACC70220212,ACC57129557,8784.14,2023-02-07 12:02:44,cash,US,normal
TXN0000957,ACC42572396,ACC88827188,103622.26,2023-02-07 12:22:43,wire,RU,layering
TXN0000959,ACC95980765,ACC06298026,109653.55,2023-02-07 12:22:43,wire,NG,layering
TXN0000793,ACC40089585,ACC42149696,2717.23,2023-02-08 21:58:08,wire,KY,normal
TXN0000466,ACC26144982,ACC59358685,1297.96,2023-02-09 04:25:31,digital_wallet,US,normal
TXN0000870,ACC39274499,ACC38926395,9324.3,2023-02-09 05:46:01,cash,US,structuring
TXN0000765,ACC52583295,ACC93008687,10136.62,2023-02-09 07:47:28,cash,US,normal
TXN0000607,ACC26144982,ACC57129557,566.41,2023-02-09 18:35:25,ACH,MX,normal
TXN0000319,ACC42572396,ACC06298026,2940.25,2023-02-09 20:16:54,wire,CN,normal
TXN0000675,ACC88308904,ACC35024564,218.93,2023-02-09 23:08:35,digital_wallet,US,normal
TXN0000537,ACC06298026,ACC43821442,497.39,2023-02-11 09:07:35,wire,US,normal
TXN0000701,ACC35024564,ACC40089585,825.44,2023-02-12 07:42:01,ACH,US,normal
TXN0000190,ACC02298831,ACC40089585,186.37,2023-02-12 08:27:25,check,PA,normal
TXN0000578,ACC21954781,ACC88827188,5746.22,2023-02-12 11:20:02,ACH,US,normal
TXN0000565,ACC89880739,ACC70220212,10957.95,2023-02-12 11:23:48,ACH,CN,normal
TXN0000225,ACC04447690,ACC57129557,890.78,2023-02-13 01:34:03,cash,KY,normal
TXN0000464,ACC09577630,ACC42149696,2492.32,2023-02-13 19:47:17,wire,RU,normal
TXN0000556,ACC99814240,ACC43821442,974.75,2023-02-14 05:30:41,digital_wallet,US,normal
TXN0000887,ACC21954781,ACC00167403,8801.15,2023-02-14 05:57:28,cash,US,structuring
TXN0000586,ACC95980765,ACC56218256,2623.67,2023-02-14 06:08:14,cash,NG,normal
TXN0000867,ACC93008687,ACC91919214,2776.09,2023-02-14 23:14:21,check,NG,normal
TXN0000459,ACC88827188,ACC04447690,788.02,2023-02-16 01:44:28,ACH,PA,normal
TXN0000229,ACC42572396,ACC06298026,618.34,2023-02-16 14:20:06,wire,NG,normal
TXN0000341,ACC02298831,ACC51982661,526.72,2023-02-17 03:10:48,ACH,US,normal
TXN0000206,ACC21954781,ACC28437201,442.86,2023-02-17 11:16:41,check,CN,normal
TXN0000715,ACC70220212,ACC21954781,1708.8,2023-02-17 14:02:26,wire,NG,normal
TXN0000164,ACC88308904,ACC69111526,527.94,2023-02-17 23:55:49,check,CN,normal
TXN0000786,ACC26144982,ACC95980765,9146.91,2023-02-19 00:08:19,wire,RU,normal
TXN0000039,ACC83639422,ACC75750309,246.59,2023-02-19 00:27:53,check,US,normal
TXN0000670,ACC52583295,ACC43821442,9295.26,2023-02-19 07:04:44,cash,US,normal
TXN0000460,ACC99814240,ACC87696082,299.82,2023-02-19 10:57:39,ACH,US,normal
TXN0000184,ACC07714528,ACC83639422,3728.3,2023-02-20 11:36:52,digital_wallet,MX,normal
TXN0000626,ACC72624980,ACC42076275,839.81,2023-02-20 17:13:35,digital_wallet,NG,normal
TXN0000696,ACC63322966,ACC02298831,1136.47,2023-02-21 20:26:21,check,US,normal
TXN0000860,ACC57129557,ACC38926395,4672.26,2023-02-21 23:00:28,cash,NG,normal
TXN0000999,ACC63387334,ACC40089585,8571.57,2023-02-21 23:51:49,cash,US,smurfing
TXN0000987,ACC07714528,ACC57129557,8460.72,2023-02-22 03:49:15,cash,US,smurfing
TXN0000552,ACC88827188,ACC11387882,1431.51,2023-02-22 20:46:19,cash,CN,normal
TXN0000668,ACC60227680,ACC73653527,17257.28,2023-02-23 06:54:23,wire,US,normal
TXN0000593,ACC39274499,ACC11387882,3708.82,2023-02-23 13:00:58,digital_wallet,RU,normal
TXN0000592,ACC43821442,ACC91919214,883.17,2023-02-24 21:33:25,digital_wallet,RU,normal
TXN0000693,ACC62370499,ACC93008687,357.24,2023-02-25 07:01:01,cash,US,normal
TXN0000299,ACC75750309,ACC73653527,6119.85,2023-02-25 18:13:59,cash,RU,normal
TXN0000797,ACC07714528,ACC99814240,1703.89,2023-02-25 20:48:14,digital_wallet,KY,normal
TXN0000495,ACC51982661,ACC63387334,17759.68,2023-02-26 16:05:53,wire,MX,normal
TXN0000285,ACC05581901,ACC02298831,44335.9,2023-02-27 05:23:20,check,US,normal
TXN0000792,ACC39274499,ACC83639422,2468.91,2023-02-27 13:19:18,digital_wallet,KY,normal
TXN0000706,ACC26144982,ACC06298026,4487.34,2023-02-27 14:28:40,wire,US,normal
TXN0000997,ACC45592723,ACC69111526,7250.4,2023-02-27 17:21:35,cash,US,smurfing
TXN0000511,ACC63322966,ACC87696082,2712.66,2023-02-27 19:49:30,ACH,US,normal
TXN0000387,ACC87696082,ACC56218256,3018.86,2023-02-27 20:13:39,digital_wallet,PA,normal
TXN0000255,ACC45592723,ACC02298831,185.11,2023-02-28 14:07:37,wire,NG,normal
TXN0000644,ACC89880739,ACC63387334,189.67,2023-02-28 18:54:32,check,KY,normal
TXN0000399,ACC06298026,ACC39274499,1522.62,2023-02-28 19:26:29,check,US,normal
TXN0000127,ACC28437201,ACC88827188,409.2,2023-03-01 01:43:27,check,US,normal
TXN0000661,ACC69111526,ACC21784619,764.72,2023-03-01 07:05:05,cash,US,normal
TXN0000351,ACC17139656,ACC87696082,2882.35,2023-03-01 10:12:27,cash,US,normal
TXN0000274,ACC11387882,ACC29485098,1836.01,2023-03-01 21:44:23,ACH,US,normal
TXN0000209,ACC02298831,ACC26144982,3915.0,2023-03-02 02:11:23,check,US,normal
TXN0000463,ACC56218256,ACC04447690,632.96,2023-03-02 05:50:09,cash,US,normal
TXN0000221,ACC70220212,ACC93008687,58220.21,2023-03-02 10:06:35,ACH,KY,normal
TXN0000145,ACC38926395,ACC69111526,2669.97,2023-03-03 08:26:22,wire,NG,normal
TXN0000364,ACC91919214,ACC93008687,3302.94,2023-03-03 09:24:59,check,RU,normal
TXN0000325,ACC63387334,ACC38926395,399.8,2023-03-04 03:11:03,wire,US,normal
TXN0000281,ACC87696082,ACC39274499,2143.67,2023-03-04 22:29:29,ACH,KY,normal
TXN0000764,ACC57129557,ACC88827188,1565.42,2023-03-06 01:53:07,digital_wallet,RU,normal
TXN0000611,ACC89880739,ACC57129557,4824.92,2023-03-06 11:03:38,digital_wallet,US,normal
TXN0000756,ACC09577630,ACC39274499,93767.45,2023-03-06 14:23:11,check,NG,normal
TXN0000321,ACC73653527,ACC57129557,2091.2,2023-03-06 17:14:30,check,CN,normal
TXN0000674,ACC62370499,ACC42076275,1035.71,2023-03-06 19:26:50,cash,US,normal
TXN0000752,ACC04447690,ACC06298026,238.05,2023-03-07 04:49:26,wire,CN,normal
TXN0000356,ACC02298831,ACC88827188,401.9,2023-03-07 11:48:01,digital_wallet,KY,normal
TXN0000718,ACC38926395,ACC57129557,2265.28,2023-03-09 02:40:47,cash,US,normal
TXN0000403,ACC29485098,ACC06298026,1822.32,2023-03-09 06:10:37,check,PA,normal
TXN0000819,ACC87203229,ACC88827188,2045.56,2023-03-09 06:20:49,digital_wallet,US,normal
TXN0000745,ACC88827188,ACC06298026,3930.37,2023-03-09 15:41:11,digital_wallet,KY,normal
TXN0000187,ACC06298026,ACC40250165,3677.01,2023-03-09 16:05:32,cash,US,normal
TXN0000736,ACC69111526,ACC45123522,3673.49,2023-03-10 04:18:27,check,US,normal
TXN0000230,ACC63387334,ACC57129557,5011.03,2023-03-10 05:35:39,ACH,RU,normal
TXN0000924,ACC57129557,ACC40089585,180082.91,2023-03-10 19:38:47,wire,US,layering
TXN0000925,ACC40089585,ACC45592723,174426.65,2023-03-11 00:38:47,ACH,PA,layering
TXN0000926,ACC45592723,ACC02298831,183605.35,2023-03-11 03:38:47,wire,MX,layering
TXN0000927,ACC02298831,ACC35024564,174621.09,2023-03-11 04:38:47,ACH,NG,layering
TXN0000678,ACC29485098,ACC83639422,25044.4,2023-03-11 12:02:12,wire,PA,normal
TXN0000682,ACC38926395,ACC93008687,332.43,2023-03-11 15:36:37,ACH,PA,normal
TXN0000557,ACC40089585,ACC69111526,870.08,2023-03-11 21:02:35,digital_wallet,US,normal
TXN0000836,ACC28437201,ACC72624980,2569.13,2023-03-12 08:18:30,cash,US,normal
TXN0000975,ACC88308904,ACC21784619,4263.12,2023-03-12 10:22:44,cash,US,smurfing
TXN0000216,ACC04447690,ACC60227680,5644.6,2023-03-12 10:49:20,ACH,KY,normal
TXN0000032,ACC87203229,ACC56218256,29097.78,2023-03-12 13:50:14,wire,MX,normal
TXN0000056,ACC62370499,ACC06298026,7309.43,2023-03-12 14:52:13,check,US,normal
TXN0000948,ACC72624980,ACC04447690,109078.64,2023-03-13 09:47:03,wire,RU,layering
TXN0000949,ACC04447690,ACC59358685,109336.13,2023-03-13 13:47:03,wire,CN,layering
TXN0000950,ACC59358685,ACC73653527,105648.29,2023-03-13 13:47:03,ACH,CN,layering
TXN0000075,ACC05581901,ACC21954781,35.53,2023-03-13 14:23:38,wire,MX,normal
TXN0000951,ACC73653527,ACC06298026,107247.7,2023-03-13 15:47:03,ACH,PA,layering
TXN0000423,ACC99814240,ACC62370499,1244.58,2023-03-14 08:33:00,cash,US,normal
TXN0000581,ACC89880739,ACC00167403,3004.13,2023-03-14 09:15:07,check,RU,normal
TXN0000316,ACC29485098,ACC21954781,1865.91,2023-03-14 13:15:45,check,NG,normal
TXN0000585,ACC63322966,ACC69111526,2375.11,2023-03-14 14:35:31,cash,CN,normal
TXN0000539,ACC87203229,ACC70220212,8179.93,2023-03-14 18:37:04,check,NG,normal
TXN0000107,ACC39274499,ACC93008687,30616.03,2023-03-14 20:23:45,digital_wallet,CN,normal
TXN0000485,ACC25808631,ACC59358685,581.42,2023-03-15 01:48:32,digital_wallet,PA,normal
TXN0000254,ACC42076275,ACC88827188,8507.45,2023-03-15 02:31:08,cash,KY,normal
TXN0000861,ACC04447690,ACC42149696,2451.33,2023-03-15 04:15:28,ACH,RU,normal
TXN0000178,ACC99814240,ACC07714528,15999.31,2023-03-15 17:08:38,wire,NG,normal
TXN0000398,ACC91919214,ACC17139656,13777.73,2023-03-16 02:14:19,wire,NG,normal
TXN0000808,ACC40250165,ACC00167403,881.72,2023-03-16 20:41:07,ACH,US,normal
TXN0000430,ACC38926395,ACC42149696,129.27,2023-03-17 00:23:37,ACH,KY,normal
TXN0000147,ACC56218256,ACC45123522,282.75,2023-03-19 08:50:13,check,NG,normal
TXN0000723,ACC87203229,ACC39274499,239.3,2023-03-19 11:04:53,digital_wallet,US,normal
TXN0000553,ACC11387882,ACC91919214,10421.99,2023-03-20 00:04:17,check,CN,normal
TXN0000365,ACC45592723,ACC56218256,5090.93,2023-03-21 05:37:56,cash,KY,normal
TXN0000869,ACC91919214,ACC83639422,4855.25,2023-03-21 19:21:05,wire,MX,normal
TXN0000523,ACC06298026,ACC40250165,669.19,2023-03-22 10:51:12,digital_wallet,US,normal
TXN0000486,ACC26144982,ACC45592723,214.14,2023-03-23 02:59:14,cash,MX,normal
TXN0000228,ACC26144982,ACC45123522,359.02,2023-03-24 00:50:36,ACH,MX,normal
TXN0000804,ACC95980765,ACC05581901,903.78,2023-03-24 02:18:08,check,NG,normal
TXN0000033,ACC29485098,ACC06298026,1771.81,2023-03-24 04:49:00,check,CN,normal
TXN0000179,ACC70220212,ACC28437201,1215.63,2023-03-24 08:58:10,digital_wallet,US,normal
TXN0000001,ACC05581901,ACC38926395,3808.81,2023-03-24 23:50:29,digital_wallet,NG,normal
TXN0000816,ACC42076275,ACC35024564,194.74,2023-03-25 05:35:38,ACH,US,normal
TXN0000375,ACC56218256,ACC75750309,45696.35,2023-03-25 13:17:28,digital_wallet,CN,normal
TXN0000224,ACC39274499,ACC07714528,160.92,2023-03-25 17:14:54,digital_wallet,US,normal
TXN0000658,ACC60227680,ACC88308904,1743.78,2023-03-25 18:52:11,wire,US,normal
TXN0000624,ACC69111526,ACC99814240,13604.15,2023-03-26 14:19:19,check,US,normal
TXN0000153,ACC11387882,ACC04447690,651.95,2023-03-27 01:16:12,ACH,KY,normal
TXN0000027,ACC51982661,ACC62370499,321.66,2023-03-27 05:09:28,cash,RU,normal
TXN0000974,ACC83639422,ACC02298831,4046.2,2023-03-27 17:53:34,cash,US,smurfing
TXN0000750,ACC06298026,ACC21784619,219.21,2023-03-27 18:53:34,digital_wallet,US,normal
TXN0000239,ACC63387334,ACC21954781,670.03,2023-03-28 01:12:04,cash,US,normal
TXN0000834,ACC09577630,ACC73653527,571.52,2023-03-28 08:34:30,digital_wallet,NG,normal
TXN0000905,ACC93008687,ACC87696082,9100.44,2023-03-28 12:34:30,cash,US,structuring
TXN0000839,ACC51982661,ACC04447690,7914.75,2023-03-28 17:34:01,cash,RU,normal
TXN0000862,ACC40250165,ACC51982661,186.12,2023-03-29 02:49:35,ACH,US,normal
TXN0000090,ACC17139656,ACC69111526,3904.56,2023-03-29 07:22:33,ACH,MX,normal
TXN0000080,ACC11387882,ACC21784619,91.71,2023-03-29 15:33:23,digital_wallet,RU,normal
TXN0000070,ACC95980765,ACC42572396,686.99,2023-03-30 08:17:48,cash,US,normal
TXN0000780,ACC42149696,ACC40089585,4587.12,2023-03-30 08:34:21,digital_wallet,US,normal
TXN0000231,ACC69111526,ACC73653527,604.53,2023-03-31 08:47:14,digital_wallet,PA,normal
TXN0000020,ACC87203229,ACC83639422,217.36,2023-03-31 19:30:47,check,US,normal
TXN0000504,ACC87203229,ACC89880739,4206.78,2023-03-31 21:06:56,wire,US,normal
TXN0000087,ACC42572396,ACC25808631,7137.4,2023-03-31 21:30:53,cash,MX,normal
TXN0000421,ACC88827188,ACC42076275,39780.09,2023-04-01 04:26:56,digital_wallet,US,normal
TXN0000737,ACC70220212,ACC93008687,2654.59,2023-04-01 08:12:24,digital_wallet,US,normal
TXN0000470,ACC02298831,ACC42572396,762.25,2023-04-01 22:32:36,digital_wallet,CN,normal
TXN0000877,ACC45592723,ACC21954781,8005.47,2023-04-02 03:09:51,cash,US,structuring
TXN0000171,ACC17139656,ACC63322966,476.15,2023-04-02 04:29:41,digital_wallet,US,normal
TXN0000004,ACC70220212,ACC42149696,17757.17,2023-04-02 05:08:02,cash,US,normal
TXN0000434,ACC88308904,ACC29485098,5304.51,2023-04-02 11:13:01,check,MX,normal
TXN0000327,ACC87203229,ACC59358685,10271.89,2023-04-02 15:38:10,cash,CN,normal
TXN0000799,ACC21954781,ACC91919214,1886.5,2023-04-03 06:23:58,wire,NG,normal
TXN0000295,ACC35024564,ACC42572396,3088.75,2023-04-03 06:58:02,cash,US,normal
TXN0000124,ACC95980765,ACC91919214,220.79,2023-04-03 17:49:44,digital_wallet,RU,normal
TXN0001001,ACC87696082,ACC43821442,3068.85,2023-04-03 18:31:49,cash,US,smurfing
TXN0000017,ACC62370499,ACC89880739,395.74,2023-04-03 21:55:59,cash,NG,normal
TXN0000060,ACC72624980,ACC42149696,7811.23,2023-04-04 07:58:53,check,NG,normal
TXN0000952,ACC42149696,ACC88827188,81495.49,2023-04-04 08:12:16,wire,US,layering
TXN0000953,ACC88827188,ACC60227680,79669.3,2023-04-04 11:12:16,ACH,US,layering
TXN0000904,ACC62370499,ACC06298026,8661.46,2023-04-04 13:51:28,cash,US,structuring
TXN0000653,ACC29485098,ACC17139656,1207.93,2023-04-04 15:02:41,check,KY,normal
TXN0000955,ACC17139656,ACC28437201,81551.77,2023-04-04 17:12:16,ACH,NG,layering
TXN0000059,ACC95980765,ACC70220212,2971.72,2023-04-04 17:36:05,check,NG,normal
TXN0000954,ACC60227680,ACC17139656,77228.22,2023-04-04 18:12:16,ACH,US,layering
TXN0000397,ACC83639422,ACC38926395,138.42,2023-04-05 01:26:08,wire,KY,normal
TXN0000481,ACC87203229,ACC29485098,1492.37,2023-04-05 07:36:19,cash,US,normal
TXN0000062,ACC99814240,ACC91919214,1368.56,2023-04-05 11:46:06,cash,KY,normal
TXN0000237,ACC57129557,ACC63322966,86.69,2023-04-05 11:52:26,check,KY,normal
TXN0000180,ACC93008687,ACC21954781,106964.66,2023-04-05 14:13:35,ACH,KY,normal
TXN0000008,ACC62370499,ACC99814240,5716.73,2023-04-05 18:05:59,ACH,US,normal
TXN0000139,ACC57129557,ACC83639422,6125.87,2023-04-05 20:05:06,digital_wallet,RU,normal
TXN0000405,ACC45592723,ACC95980765,920.49,2023-04-06 17:43:29,cash,PA,normal
TXN0000548,ACC43821442,ACC88308904,1333.33,2023-04-06 18:23:09,check,KY,normal
TXN0000016,ACC88308904,ACC42149696,777.88,2023-04-07 00:26:28,cash,PA,normal
TXN0000730,ACC52583295,ACC63322966,562.59,2023-04-07 06:11:42,ACH,MX,normal
TXN0000011,ACC93008687,ACC72624980,902.23,2023-04-07 18:41:46,wire,NG,normal
TXN0000978,ACC45123522,ACC59358685,7365.95,2023-04-08 08:34:40,cash,US,smurfing
TXN0000035,ACC42149696,ACC39274499,6209.39,2023-04-08 23:20:27,wire,NG,normal
TXN0000512,ACC21784619,ACC87696082,1676.8,2023-04-09 00:42:29,cash,MX,normal
TXN0000243,ACC63322966,ACC83639422,3856.37,2023-04-10 09:47:48,ACH,US,normal
TXN0000412,ACC05581901,ACC88827188,334.63,2023-04-10 14:13:51,check,US,normal
TXN0000334,ACC88308904,ACC35024564,654.75,2023-04-12 02:04:35,check,US,normal
TXN0000840,ACC21954781,ACC43821442,1311.62,2023-04-12 04:35:17,digital_wallet,MX,normal
TXN0000698,ACC75750309,ACC42572396,276.81,2023-04-12 08:36:42,cash,RU,normal
TXN0000760,ACC40250165,ACC06298026,5169.16,2023-04-12 09:53:11,wire,US,normal
TXN0000608,ACC25808631,ACC05581901,279.5,2023-04-13 01:36:55,cash,US,normal
TXN0000672,ACC87696082,ACC59358685,80.63,2023-04-13 02:52:06,digital_wallet,US,normal
TXN0000795,ACC04447690,ACC39274499,357.24,2023-04-13 13:55:54,check,NG,normal
TXN0000881,ACC56218256,ACC42572396,8928.09,2023-04-13 14:01:25,cash,US,structuring
TXN0000704,ACC45123522,ACC56218256,218.61,2023-04-13 22:03:10,wire,US,normal
TXN0000753,ACC05581901,ACC60227680,418.3,2023-04-13 23:57:32,ACH,US,normal
TXN0000317,ACC43821442,ACC87696082,5028.76,2023-04-14 14:01:01,wire,RU,normal
TXN0000214,ACC28437201,ACC91919214,4803.44,2023-04-14 20:47:36,wire,US,normal
TXN0000545,ACC52583295,ACC87203229,44.37,2023-04-15 10:30:23,cash,MX,normal
TXN0000817,ACC38926395,ACC26144982,2698.83,2023-04-15 12:02:26,check,PA,normal
TXN0000065,ACC91919214,ACC56218256,6116.77,2023-04-16 05:07:26,cash,MX,normal
TXN0000413,ACC95980765,ACC69111526,181.06,2023-04-16 07:08:24,digital_wallet,MX,normal
TXN0000810,ACC73653527,ACC95980765,472.52,2023-04-17 09:39:19,cash,NG,normal
TXN0000150,ACC28437201,ACC99814240,2822.78,2023-04-17 14:20:33,wire,KY,normal
TXN0000473,ACC39274499,ACC45123522,186.27,2023-04-17 20:37:13,wire,PA,normal
TXN0000648,ACC87203229,ACC75750309,1666.63,2023-04-18 13:31:32,wire,US,normal
TXN0000621,ACC02298831,ACC63387334,552.41,2023-04-19 01:15:04,cash,NG,normal
TXN0000211,ACC17139656,ACC42149696,4257.07,2023-04-19 04:26:38,digital_wallet,US,normal
TXN0000719,ACC00167403,ACC07714528,1047.94,2023-04-19 16:26:00,check,US,normal
TXN0000767,ACC88308904,ACC28437201,1715.6,2023-04-20 07:59:06,cash,US,normal
TXN0000490,ACC06298026,ACC35024564,6784.93,2023-04-20 22:18:10,check,NG,normal
TXN0000074,ACC60227680,ACC42076275,18900.91,2023-04-21 10:14:04,check,NG,normal
TXN0000018,ACC59358685,ACC73653527,2896.83,2023-04-21 23:10:45,ACH,MX,normal
TXN0000659,ACC99814240,ACC02298831,2433.6,2023-04-22 06:15:35,digital_wallet,RU,normal
TXN0000455,ACC45592723,ACC25808631,816.16,2023-04-22 11:52:45,check,US,normal
TXN0000602,ACC51982661,ACC69111526,453.39,2023-04-23 02:36:08,ACH,NG,normal
TXN0000614,ACC73653527,ACC42572396,334.21,2023-04-23 08:46:52,digital_wallet,MX,normal
TXN0000370,ACC63322966,ACC93008687,567.07,2023-04-23 16:58:18,check,KY,normal
TXN0000601,ACC42149696,ACC51982661,5627.85,2023-04-24 10:28:31,wire,MX,normal
TXN0000138,ACC06298026,ACC93008687,1115.33,2023-04-24 22:23:09,cash,CN,normal
TXN0000770,ACC57129557,ACC70220212,27410.26,2023-04-25 09:23:59,digital_wallet,NG,normal
TXN0000363,ACC38926395,ACC99814240,1535.88,2023-04-26 12:17:04,check,US,normal
TXN0000406,ACC45123522,ACC51982661,4602.13,2023-04-26 13:58:07,cash,US,normal
TXN0000858,ACC59358685,ACC25808631,3666.98,2023-04-26 19:26:47,cash,NG,normal
TXN0000461,ACC42149696,ACC40250165,34443.92,2023-04-26 20:56:40,check,PA,normal
TXN0000146,ACC04447690,ACC40089585,5841.45,2023-04-27 04:19:10,check,MX,normal
TXN0000137,ACC52583295,ACC91919214,558.42,2023-04-27 07:13:34,wire,US,normal
TXN0000547,ACC07714528,ACC39274499,4296.72,2023-04-27 09:53:36,check,US,normal
TXN0000802,ACC51982661,ACC87203229,833.75,2023-04-27 16:40:50,check,CN,normal
TXN0000362,ACC42572396,ACC88827188,18017.67,2023-04-28 07:43:16,check,US,normal
TXN0000560,ACC87203229,ACC89880739,961.53,2023-04-28 14:36:17,ACH,MX,normal
TXN0000078,ACC83639422,ACC42076275,1154.58,2023-04-28 23:57:08,wire,US,normal
TXN0000705,ACC52583295,ACC38926395,175.05,2023-04-29 03:29:20,digital_wallet,US,normal
TXN0000591,ACC17139656,ACC75750309,2012.94,2023-04-29 14:20:52,wire,US,normal
TXN0000989,ACC05581901,ACC56218256,5331.82,2023-04-29 15:12:12,cash,US,smurfing
TXN0000633,ACC99814240,ACC89880739,1426.51,2023-04-29 15:33:09,ACH,RU,normal
TXN0000320,ACC28437201,ACC42572396,1487.4,2023-04-30 00:44:54,check,KY,normal
TXN0000269,ACC40250165,ACC43821442,934.43,2023-04-30 22:50:25,ACH,US,normal
TXN0000278,ACC69111526,ACC75750309,734.86,2023-05-01 04:26:59,check,US,normal
TXN0000856,ACC91919214,ACC04447690,768.07,2023-05-02 04:54:38,ACH,US,normal
TXN0000372,ACC42076275,ACC09577630,3816.15,2023-05-02 10:42:51,ACH,US,normal
TXN0000985,ACC05581901,ACC06298026,4096.16,2023-05-02 15:22:24,cash,US,smurfing
TXN0000587,ACC87696082,ACC89880739,907.74,2023-05-02 17:08:16,digital_wallet,RU,normal
TXN0000331,ACC43821442,ACC99814240,1775.13,2023-05-03 02:17:04,cash,US,normal
TXN0000247,ACC06298026,ACC89880739,886.77,2023-05-03 18:37:41,ACH,NG,normal
TXN0000733,ACC75750309,ACC40089585,3335.5,2023-05-04 12:00:55,cash,KY,normal
TXN0000368,ACC72624980,ACC63322966,1842.52,2023-05-04 22:22:32,ACH,NG,normal
TXN0000554,ACC00167403,ACC99814240,2648.19,2023-05-04 22:34:43,cash,NG,normal
TXN0000788,ACC11387882,ACC88308904,3600.29,2023-05-05 04:16:52,wire,US,normal
TXN0000618,ACC83639422,ACC73653527,5370.36,2023-05-06 02:09:32,ACH,RU,normal
TXN0000625,ACC62370499,ACC07714528,19727.72,2023-05-06 09:19:16,cash,CN,normal
TXN0000105,ACC06298026,ACC88308904,1419.52,2023-05-06 13:07:48,wire,RU,normal
TXN0000433,ACC87203229,ACC45592723,1207.0,2023-05-06 16:11:10,ACH,US,normal
TXN0000220,ACC45123522,ACC09577630,2044.3,2023-05-06 23:28:03,digital_wallet,KY,normal
TXN0000402,ACC26144982,ACC72624980,735.78,2023-05-07 05:40:52,check,PA,normal
TXN0000827,ACC07714528,ACC89880739,19328.93,2023-05-07 06:29:49,cash,MX,normal
TXN0000555,ACC42076275,ACC75750309,3000.11,2023-05-07 13:28:47,check,MX,normal
TXN0000699,ACC91919214,ACC63387334,7230.33,2023-05-07 16:53:06,cash,NG,normal
TXN0000684,ACC35024564,ACC45123522,3767.1,2023-05-08 02:39:56,wire,PA,normal
TXN0000982,ACC21954781,ACC95980765,6158.1,2023-05-08 12:24:26,cash,US,smurfing
TXN0000885,ACC88827188,ACC52583295,8714.7,2023-05-08 16:16:27,cash,US,structuring
TXN0000497,ACC83639422,ACC95980765,381.51,2023-05-09 02:34:02,ACH,RU,normal
TXN0000751,ACC62370499,ACC83639422,452.66,2023-05-09 14:42:48,wire,US,normal
TXN0000392,ACC40250165,ACC43821442,3781.51,2023-05-09 15:22:36,wire,RU,normal
TXN0000307,ACC63387334,ACC42149696,12289.46,2023-05-10 03:17:53,ACH,US,normal
TXN0000671,ACC35024564,ACC40250165,11720.89,2023-05-11 02:31:44,check,MX,normal
TXN0000743,ACC40089585,ACC63322966,708.23,2023-05-11 16:58:35,cash,CN,normal
TXN0000429,ACC60227680,ACC63387334,8845.26,2023-05-11 22:06:47,cash,KY,normal
TXN0000308,ACC04447690,ACC69111526,744.45,2023-05-12 11:29:20,ACH,NG,normal
TXN0000131,ACC45592723,ACC88308904,176.62,2023-05-12 11:37:09,digital_wallet,RU,normal
TXN0000119,ACC35024564,ACC39274499,10039.01,2023-05-12 23:52:00,digital_wallet,MX,normal
TXN0000057,ACC04447690,ACC88308904,513.46,2023-05-13 04:11:16,cash,KY,normal
TXN0000219,ACC39274499,ACC56218256,873.02,2023-05-13 09:22:51,ACH,CN,normal
TXN0000048,ACC02298831,ACC88827188,8828.0,2023-05-13 12:30:18,wire,RU,normal
TXN0000637,ACC60227680,ACC91919214,6215.22,2023-05-14 10:20:35,wire,RU,normal
TXN0000972,ACC42149696,ACC63387334,8873.05,2023-05-14 12:55:46,cash,US,smurfing
TXN0000122,ACC69111526,ACC45592723,462.16,2023-05-15 00:47:17,cash,PA,normal
TXN0000528,ACC02298831,ACC63387334,1943.27,2023-05-15 07:38:39,wire,US,normal
TXN0000574,ACC09577630,ACC83639422,1301.6,2023-05-16 06:39:30,cash,CN,normal
TXN0000754,ACC91919214,ACC59358685,8782.03,2023-05-17 02:43:16,cash,US,normal
TXN0000647,ACC09577630,ACC29485098,31.65,2023-05-17 12:32:58,check,CN,normal
TXN0000208,ACC11387882,ACC45123522,3907.6,2023-05-17 13:34:48,wire,KY,normal
TXN0000249,ACC40089585,ACC93008687,25544.6,2023-05-17 16:20:21,digital_wallet,US,normal
TXN0000300,ACC60227680,ACC21784619,4649.17,2023-05-18 00:29:01,ACH,KY,normal
TXN0000404,ACC21954781,ACC69111526,1940.05,2023-05-18 14:11:38,cash,KY,normal
TXN0000532,ACC62370499,ACC51982661,149.56,2023-05-19 04:24:02,digital_wallet,RU,normal
TXN0000305,ACC63387334,ACC40250165,1752.24,2023-05-19 16:21:22,wire,CN,normal
TXN0000729,ACC45592723,ACC87696082,804.61,2023-05-19 19:30:57,digital_wallet,US,normal
TXN0000703,ACC17139656,ACC69111526,628.59,2023-05-20 03:28:51,ACH,NG,normal
TXN0000491,ACC69111526,ACC88827188,1786.55,2023-05-20 12:32:30,cash,MX,normal
TXN0000436,ACC88308904,ACC88827188,2020.58,2023-05-20 15:16:06,ACH,US,normal
TXN0000538,ACC45123522,ACC05581901,1015.53,2023-05-20 18:40:27,cash,US,normal
TXN0000380,ACC72624980,ACC95980765,537.84,2023-05-21 18:57:59,digital_wallet,MX,normal
TXN0000276,ACC25808631,ACC39274499,3616.11,2023-05-22 11:30:59,ACH,NG,normal
TXN0000156,ACC25808631,ACC40089585,619.23,2023-05-22 16:45:11,ACH,US,normal
TXN0000439,ACC89880739,ACC42572396,140.46,2023-05-23 17:45:26,digital_wallet,US,normal
TXN0000685,ACC56218256,ACC60227680,289.11,2023-05-24 06:34:39,ACH,MX,normal
TXN0000775,ACC43821442,ACC29485098,4594.96,2023-05-24 11:04:23,ACH,NG,normal
TXN0000329,ACC38926395,ACC05581901,4610.91,2023-05-25 01:38:23,cash,NG,normal
TXN0000172,ACC29485098,ACC56218256,531.81,2023-05-25 02:04:40,digital_wallet,RU,normal
TXN0000166,ACC29485098,ACC89880739,3358.24,2023-05-25 06:23:07,wire,US,normal
TXN0000712,ACC95980765,ACC99814240,1563.89,2023-05-25 13:31:33,wire,KY,normal
TXN0000681,ACC59358685,ACC42076275,5337.48,2023-05-25 18:49:26,wire,PA,normal
TXN0000513,ACC99814240,ACC70220212,1263.42,2023-05-25 21:05:33,check,NG,normal
TXN0000441,ACC63387334,ACC11387882,3216.66,2023-05-26 02:26:09,check,PA,normal
TXN0000477,ACC83639422,ACC45123522,4293.41,2023-05-27 04:51:47,ACH,PA,normal
TXN0000516,ACC99814240,ACC29485098,5614.38,2023-05-27 11:28:30,digital_wallet,NG,normal
TXN0000123,ACC42149696,ACC69111526,14826.8,2023-05-27 11:51:09,check,CN,normal
TXN0000055,ACC21784619,ACC28437201,8488.77,2023-05-28 04:26:10,cash,US,normal
TXN0000462,ACC57129557,ACC69111526,1906.25,2023-05-28 07:06:46,ACH,US,normal
TXN0000024,ACC42149696,ACC42076275,213.34,2023-05-28 17:24:29,check,US,normal
TXN0000148,ACC63322966,ACC75750309,249.46,2023-05-29 02:34:22,digital_wallet,CN,normal
TXN0000852,ACC57129557,ACC45592723,785.86,2023-05-29 20:46:04,wire,US,normal
TXN0000252,ACC11387882,ACC02298831,7163.78,2023-05-30 07:38:11,check,KY,normal
TXN0000815,ACC42572396,ACC40250165,8499.54,2023-05-31 03:03:11,wire,US,normal
TXN0000655,ACC06298026,ACC87203229,85822.78,2023-05-31 05:35:37,digital_wallet,RU,normal
TXN0000304,ACC25808631,ACC89880739,4516.78,2023-05-31 05:59:42,cash,MX,normal
TXN0000259,ACC43821442,ACC42572396,3518.29,2023-05-31 10:59:02,check,CN,normal
TXN0000543,ACC42572396,ACC39274499,4002.63,2023-05-31 14:33:13,wire,PA,normal
TXN0000583,ACC40089585,ACC57129557,4671.21,2023-06-01 00:12:43,wire,US,normal
TXN0000028,ACC62370499,ACC40250165,3176.54,2023-06-01 00:24:42,cash,RU,normal
TXN0000023,ACC26144982,ACC39274499,2000.78,2023-06-01 06:11:13,digital_wallet,US,normal
TXN0000663,ACC69111526,ACC06298026,1721.36,2023-06-01 17:52:53,digital_wallet,US,normal
TXN0000768,ACC63322966,ACC93008687,25750.28,2023-06-02 14:06:50,digital_wallet,PA,normal
TXN0000383,ACC87203229,ACC63322966,74.75,2023-06-02 23:26:55,cash,CN,normal
TXN0000550,ACC45123522,ACC60227680,730.71,2023-06-03 16:06:59,cash,KY,normal
TXN0000287,ACC39274499,ACC93008687,1439.89,2023-06-03 23:13:07,digital_wallet,CN,normal
TXN0000489,ACC73653527,ACC26144982,22713.45,2023-06-04 00:52:43,ACH,PA,normal
TXN0001000,ACC87696082,ACC56218256,6317.68,2023-06-04 02:18:20,cash,US,smurfing
TXN0000789,ACC29485098,ACC72624980,1627.42,2023-06-04 07:37:01,digital_wallet,CN,normal
TXN0000379,ACC43821442,ACC25808631,48276.7,2023-06-05 13:41:28,wire,KY,normal
TXN0000432,ACC06298026,ACC70220212,84.87,2023-06-05 16:02:11,wire,US,normal
TXN0000385,ACC11387882,ACC02298831,579.0,2023-06-05 21:11:55,digital_wallet,US,normal
TXN0000798,ACC38926395,ACC91919214,5025.35,2023-06-06 00:18:03,wire,RU,normal
TXN0000468,ACC63387334,ACC25808631,5632.23,2023-06-06 05:23:05,check,US,normal
TXN0000660,ACC57129557,ACC91919214,1456.02,2023-06-06 05:29:50,wire,PA,normal
TXN0000832,ACC88308904,ACC39274499,455.79,2023-06-07 03:08:06,check,US,normal
TXN0000235,ACC42572396,ACC17139656,45067.48,2023-06-07 07:10:29,wire,CN,normal
TXN0000324,ACC28437201,ACC89880739,41713.53,2023-06-07 18:09:13,cash,PA,normal
TXN0000540,ACC72624980,ACC02298831,761.02,2023-06-08 11:14:50,wire,US,normal
TXN0000101,ACC45592723,ACC04447690,216.36,2023-06-08 14:04:48,cash,CN,normal
TXN0000845,ACC95980765,ACC21954781,2320.83,2023-06-08 21:56:39,digital_wallet,NG,normal
TXN0000875,ACC04447690,ACC09577630,8590.41,2023-06-09 03:17:17,cash,US,structuring
TXN0000130,ACC09577630,ACC83639422,849.62,2023-06-09 05:16:39,ACH,US,normal
TXN0000125,ACC51982661,ACC35024564,4360.25,2023-06-09 12:42:05,wire,CN,normal
TXN0000909,ACC63322966,ACC39274499,8071.63,2023-06-10 04:26:25,cash,US,structuring
TXN0000200,ACC05581901,ACC51982661,325.56,2023-06-10 17:01:19,cash,NG,normal
TXN0000494,ACC43821442,ACC06298026,496.74,2023-06-10 18:06:31,wire,KY,normal
TXN0000891,ACC52583295,ACC63322966,9821.54,2023-06-11 14:40:33,cash,US,structuring
TXN0000680,ACC06298026,ACC75750309,12177.35,2023-06-11 15:47:33,cash,MX,normal
TXN0000480,ACC72624980,ACC39274499,9694.97,2023-06-11 18:08:04,digital_wallet,PA,normal
TXN0000803,ACC07714528,ACC09577630,2088.46,2023-06-11 20:36:12,digital_wallet,US,normal
TXN0000781,ACC29485098,ACC87696082,2360.32,2023-06-12 13:56:01,digital_wallet,NG,normal
TXN0000296,ACC93008687,ACC75750309,639.47,2023-06-13 01:03:27,digital_wallet,NG,normal
TXN0000188,ACC87203229,ACC63387334,1620.93,2023-06-13 11:38:12,digital_wallet,US,normal
TXN0000207,ACC28437201,ACC42149696,3914.93,2023-06-14 06:03:25,wire,MX,normal
TXN0000268,ACC88827188,ACC28437201,211.62,2023-06-14 10:26:00,digital_wallet,CN,normal
TXN0000883,ACC38926395,ACC06298026,9476.34,2023-06-15 10:45:47,cash,US,structuring
TXN0000014,ACC09577630,ACC02298831,102.52,2023-06-15 17:30:43,digital_wallet,NG,normal
TXN0000198,ACC02298831,ACC11387882,2276.94,2023-06-17 01:44:54,wire,US,normal
TXN0000350,ACC35024564,ACC87203229,1312.68,2023-06-18 00:17:40,digital_wallet,US,normal
TXN0000899,ACC21784619,ACC63322966,9322.76,2023-06-18 02:57:05,cash,US,structuring
TXN0000049,ACC62370499,ACC63322966,3027.3,2023-06-18 08:43:51,cash,NG,normal
TXN0000787,ACC70220212,ACC38926395,6316.26,2023-06-19 02:09:33,ACH,US,normal
TXN0000050,ACC73653527,ACC83639422,128.44,2023-06-19 03:02:03,ACH,PA,normal
TXN0000315,ACC17139656,ACC43821442,12813.03,2023-06-19 16:40:55,check,NG,normal
TXN0000664,ACC45123522,ACC91919214,800.2,2023-06-19 21:39:55,ACH,US,normal
TXN0000576,ACC45592723,ACC63322966,65.58,2023-06-20 04:00:09,check,CN,normal
TXN0000892,ACC42076275,ACC91919214,8362.34,2023-06-20 04:46:24,cash,US,structuring
TXN0000776,ACC25808631,ACC88308904,171.51,2023-06-20 18:40:40,check,MX,normal
TXN0000643,ACC88827188,ACC52583295,1224.9,2023-06-20 22:01:26,cash,US,normal
TXN0000551,ACC29485098,ACC21954781,2058.81,2023-06-20 23:10:30,cash,RU,normal
TXN0000629,ACC17139656,ACC52583295,1965.67,2023-06-21 09:04:59,check,US,normal
TXN0000447,ACC06298026,ACC87696082,3133.47,2023-06-21 14:15:08,wire,US,normal
TXN0000248,ACC59358685,ACC45592723,678.58,2023-06-21 17:40:40,cash,MX,normal
TXN0000099,ACC87696082,ACC88827188,1821.96,2023-06-21 17:52:36,cash,US,normal
TXN0000337,ACC00167403,ACC73653527,524.14,2023-06-22 20:44:13,wire,CN,normal
TXN0000246,ACC42149696,ACC40089585,1094.71,2023-06-24 08:06:00,digital_wallet,KY,normal
TXN0000785,ACC17139656,ACC42149696,4186.77,2023-06-24 09:21:13,ACH,US,normal
TXN0000369,ACC17139656,ACC07714528,2093.34,2023-06-24 14:32:18,ACH,US,normal
TXN0000250,ACC45123522,ACC56218256,3319.18,2023-06-25 12:08:33,wire,US,normal
TXN0000915,ACC43821442,ACC09577630,8227.93,2023-06-25 19:31:29,cash,US,structuring
TXN0000449,ACC05581901,ACC93008687,836.48,2023-06-26 02:17:43,ACH,PA,normal
TXN0000425,ACC21954781,ACC42572396,4760.29,2023-06-26 10:50:25,digital_wallet,PA,normal
TXN0000912,ACC88827188,ACC38926395,9899.76,2023-06-27 04:55:57,cash,US,structuring
TXN0000809,ACC75750309,ACC25808631,11892.15,2023-06-27 06:24:35,wire,CN,normal
TXN0000116,ACC45592723,ACC75750309,2842.16,2023-06-27 09:33:30,digital_wallet,US,normal
TXN0000549,ACC21784619,ACC95980765,3154.92,2023-06-27 19:34:47,wire,US,normal
TXN0000790,ACC07714528,ACC87696082,149.69,2023-06-27 22:20:03,wire,KY,normal
TXN0000695,ACC91919214,ACC43821442,4401.29,2023-06-28 01:08:18,wire,KY,normal
TXN0000428,ACC52583295,ACC09577630,5059.77,2023-06-28 05:23:34,cash,US,normal
TXN0000233,ACC57129557,ACC40250165,1935.96,2023-06-28 13:13:12,wire,CN,normal
TXN0000236,ACC52583295,ACC21784619,4679.18,2023-06-28 16:24:50,cash,US,normal
TXN0000580,ACC72624980,ACC57129557,10053.05,2023-06-29 10:39:24,ACH,RU,normal
TXN0000571,ACC43821442,ACC99814240,1858.69,2023-06-29 20:03:42,digital_wallet,PA,normal
TXN0000040,ACC42076275,ACC26144982,2429.14,2023-06-30 14:25:51,cash,CN,normal
TXN0000437,ACC28437201,ACC17139656,20804.47,2023-06-30 17:47:44,cash,US,normal
TXN0000022,ACC21954781,ACC69111526,1288.63,2023-06-30 22:43:45,check,US,normal
TXN0000702,ACC52583295,ACC05581901,8721.21,2023-06-30 23:56:54,cash,RU,normal
TXN0000822,ACC88308904,ACC26144982,14973.26,2023-07-01 05:56:26,cash,PA,normal
TXN0000373,ACC62370499,ACC02298831,15942.05,2023-07-01 07:01:56,check,MX,normal
TXN0000343,ACC42076275,ACC43821442,2610.9,2023-07-01 12:32:17,digital_wallet,US,normal
TXN0000093,ACC05581901,ACC17139656,630.76,2023-07-02 00:34:54,cash,RU,normal
TXN0000493,ACC63322966,ACC09577630,2030.53,2023-07-02 07:58:04,cash,US,normal
TXN0000841,ACC56218256,ACC17139656,1678.75,2023-07-02 17:43:07,wire,KY,normal
TXN0000773,ACC45123522,ACC99814240,4668.59,2023-07-02 21:31:13,check,MX,normal
TXN0000417,ACC21954781,ACC73653527,18522.25,2023-07-03 11:07:24,wire,US,normal
TXN0000796,ACC42076275,ACC11387882,8775.59,2023-07-03 17:06:50,wire,US,normal
TXN0000189,ACC63387334,ACC59358685,507.66,2023-07-04 22:56:02,check,CN,normal
TXN0000782,ACC42076275,ACC75750309,243.95,2023-07-04 23:05:10,cash,US,normal
TXN0000419,ACC88827188,ACC45592723,10603.57,2023-07-05 10:08:33,ACH,MX,normal
TXN0000638,ACC91919214,ACC87203229,2018.23,2023-07-05 12:29:20,wire,US,normal
TXN0000738,ACC40250165,ACC87696082,7895.41,2023-07-05 15:10:49,wire,CN,normal
TXN0000440,ACC51982661,ACC87203229,1663.5,2023-07-05 16:58:42,ACH,NG,normal
TXN0000345,ACC73653527,ACC09577630,891.98,2023-07-05 21:28:55,digital_wallet,RU,normal
TXN0000488,ACC63387334,ACC42149696,356.98,2023-07-05 23:51:57,ACH,KY,normal
TXN0000725,ACC73653527,ACC04447690,2336.24,2023-07-06 06:58:58,digital_wallet,NG,normal
TXN0000988,ACC63387334,ACC38926395,5155.16,2023-07-06 09:29:42,cash,US,smurfing
TXN0000826,ACC38926395,ACC63322966,15995.72,2023-07-07 02:07:39,wire,CN,normal
TXN0000894,ACC09577630,ACC87203229,9839.88,2023-07-07 14:51:43,cash,US,structuring
TXN0000068,ACC26144982,ACC63387334,8146.14,2023-07-08 01:03:28,cash,KY,normal
TXN0000110,ACC05581901,ACC91919214,1617.01,2023-07-08 05:50:29,wire,US,normal
TXN0000223,ACC28437201,ACC57129557,5061.36,2023-07-08 14:41:42,digital_wallet,NG,normal
TXN0000270,ACC21954781,ACC35024564,2199.78,2023-07-08 20:22:24,ACH,US,normal
TXN0000594,ACC57129557,ACC00167403,2982.43,2023-07-09 00:05:42,digital_wallet,US,normal
TXN0000979,ACC26144982,ACC63322966,7716.33,2023-07-09 04:56:37,cash,US,smurfing
TXN0000812,ACC75750309,ACC43821442,934.87,2023-07-09 19:49:21,digital_wallet,NG,normal
TXN0000448,ACC73653527,ACC40089585,441.5,2023-07-09 20:12:24,wire,PA,normal
TXN0000407,ACC91919214,ACC73653527,364.52,2023-07-09 21:50:20,cash,NG,normal
TXN0000850,ACC42149696,ACC52583295,815.26,2023-07-10 03:11:21,wire,US,normal
TXN0000121,ACC40089585,ACC28437201,5922.7,2023-07-10 03:46:43,ACH,NG,normal
TXN0000595,ACC72624980,ACC52583295,8572.46,2023-07-10 03:47:40,cash,US,normal
TXN0000599,ACC39274499,ACC38926395,928.49,2023-07-10 23:13:02,check,NG,normal
TXN0000245,ACC35024564,ACC89880739,298.73,2023-07-11 21:30:16,check,KY,normal
TXN0000376,ACC93008687,ACC42572396,571.91,2023-07-12 04:44:53,digital_wallet,NG,normal
TXN0000103,ACC39274499,ACC91919214,1081.31,2023-07-12 10:06:21,cash,RU,normal
TXN0000717,ACC09577630,ACC99814240,2145.96,2023-07-12 16:13:59,wire,RU,normal
TXN0000908,ACC06298026,ACC17139656,9489.73,2023-07-13 03:53:20,cash,US,structuring
TXN0000142,ACC38926395,ACC75750309,12845.05,2023-07-13 06:35:41,digital_wallet,US,normal
TXN0000873,ACC17139656,ACC63322966,8397.09,2023-07-13 07:40:51,cash,US,structuring
TXN0000108,ACC21784619,ACC42149696,2349.29,2023-07-13 14:17:32,check,US,normal
TXN0000721,ACC88827188,ACC42572396,2868.95,2023-07-13 18:00:24,check,PA,normal
TXN0000498,ACC42076275,ACC75750309,1358.98,2023-07-13 21:49:37,digital_wallet,CN,normal
TXN0000726,ACC04447690,ACC42076275,1372.0,2023-07-15 02:38:40,cash,RU,normal
TXN0000438,ACC99814240,ACC38926395,228.11,2023-07-15 03:49:48,cash,US,normal
TXN0000381,ACC59358685,ACC29485098,513.07,2023-07-15 20:00:07,check,PA,normal
TXN0000505,ACC60227680,ACC26144982,681.32,2023-07-16 09:46:20,check,CN,normal
TXN0000563,ACC99814240,ACC69111526,6678.76,2023-07-16 17:58:19,check,PA,normal
TXN0000835,ACC28437201,ACC04447690,1716.38,2023-07-17 00:31:01,cash,US,normal
TXN0000676,ACC51982661,ACC63387334,563.0,2023-07-17 14:35:30,wire,US,normal
TXN0000115,ACC73653527,ACC42572396,1354.87,2023-07-17 15:01:51,cash,RU,normal
TXN0000651,ACC87696082,ACC11387882,28953.15,2023-07-17 21:05:40,ACH,RU,normal
TXN0000673,ACC62370499,ACC56218256,1081.35,2023-07-18 08:49:55,cash,US,normal
TXN0000662,ACC45123522,ACC70220212,796.09,2023-07-18 13:42:18,ACH,US,normal
TXN0000707,ACC04447690,ACC99814240,264.9,2023-07-19 09:47:27,wire,MX,normal
TXN0000312,ACC06298026,ACC45123522,9397.18,2023-07-20 03:43:23,check,PA,normal
TXN0000348,ACC56218256,ACC38926395,218.94,2023-07-20 22:08:41,cash,US,normal
TXN0000898,ACC28437201,ACC21954781,9045.68,2023-07-21 15:50:34,cash,US,structuring
TXN0000544,ACC75750309,ACC42076275,15714.72,2023-07-22 09:02:46,ACH,RU,normal
TXN0000575,ACC56218256,ACC26144982,6273.62,2023-07-22 09:08:32,check,CN,normal
TXN0000258,ACC05581901,ACC87696082,625.47,2023-07-23 00:21:53,digital_wallet,US,normal
TXN0000669,ACC62370499,ACC04447690,33.9,2023-07-23 02:45:47,digital_wallet,MX,normal
TXN0000129,ACC05581901,ACC63322966,2099.55,2023-07-24 06:13:09,check,US,normal
TXN0000302,ACC43821442,ACC59358685,780.34,2023-07-24 07:13:45,digital_wallet,PA,normal
TXN0000294,ACC09577630,ACC11387882,6466.58,2023-07-24 23:11:13,check,US,normal
TXN0000692,ACC63322966,ACC26144982,10290.69,2023-07-25 18:13:44,ACH,RU,normal
TXN0000218,ACC70220212,ACC63387334,1267.46,2023-07-26 00:27:25,ACH,RU,normal
TXN0000197,ACC29485098,ACC11387882,480.21,2023-07-26 01:08:53,cash,NG,normal
TXN0000509,ACC09577630,ACC07714528,1944.54,2023-07-28 01:26:27,cash,US,normal
TXN0000067,ACC17139656,ACC63387334,1622.92,2023-07-28 02:36:50,ACH,US,normal
TXN0000446,ACC95980765,ACC42076275,4936.98,2023-07-28 10:02:06,ACH,US,normal
TXN0000442,ACC45592723,ACC42149696,1721.51,2023-07-28 18:01:40,ACH,US,normal
TXN0000613,ACC07714528,ACC11387882,2751.64,2023-07-29 05:41:12,ACH,CN,normal
TXN0000036,ACC40250165,ACC63387334,289.67,2023-07-29 11:44:59,wire,CN,normal
TXN0000272,ACC02298831,ACC35024564,209.81,2023-07-29 15:01:41,digital_wallet,US,normal
TXN0000094,ACC07714528,ACC02298831,1106.0,2023-07-29 16:59:34,check,NG,normal
TXN0000454,ACC91919214,ACC59358685,3850.93,2023-07-30 04:00:33,wire,US,normal
TXN0000996,ACC25808631,ACC26144982,6585.36,2023-07-31 01:30:04,cash,US,smurfing
TXN0000774,ACC70220212,ACC88827188,7776.27,2023-07-31 07:37:19,check,US,normal
TXN0000177,ACC38926395,ACC43821442,1843.65,2023-07-31 10:47:22,cash,US,normal
TXN0000757,ACC29485098,ACC04447690,3789.45,2023-08-01 01:18:44,check,US,normal
TXN0000501,ACC87203229,ACC09577630,7253.7,2023-08-01 06:10:51,check,US,normal
TXN0000762,ACC09577630,ACC59358685,2171.16,2023-08-01 10:50:26,wire,CN,normal
TXN0000868,ACC29485098,ACC17139656,2985.99,2023-08-01 13:02:29,cash,NG,normal
TXN0000917,ACC89880739,ACC42572396,9043.45,2023-08-01 18:19:46,cash,US,structuring
TXN0000109,ACC26144982,ACC07714528,2660.65,2023-08-02 07:05:53,ACH,MX,normal
TXN0000977,ACC72624980,ACC42149696,5998.22,2023-08-02 11:14:43,cash,US,smurfing
TXN0000709,ACC72624980,ACC63387334,79.61,2023-08-02 15:29:54,ACH,US,normal
TXN0000064,ACC57129557,ACC63387334,300.57,2023-08-02 17:59:32,cash,CN,normal
TXN0000354,ACC95980765,ACC89880739,1422.39,2023-08-02 22:12:50,cash,US,normal
TXN0000199,ACC88827188,ACC35024564,1973.01,2023-08-03 02:49:00,ACH,RU,normal
TXN0000579,ACC87696082,ACC00167403,196.79,2023-08-03 08:10:36,ACH,CN,normal
TXN0000063,ACC43821442,ACC45592723,343.95,2023-08-03 22:44:30,digital_wallet,CN,normal
TXN0000541,ACC70220212,ACC04447690,6333.06,2023-08-04 05:42:10,wire,KY,normal
TXN0000058,ACC91919214,ACC07714528,1137.04,2023-08-04 20:20:52,wire,PA,normal
TXN0000213,ACC38926395,ACC88827188,7562.84,2023-08-05 05:11:26,wire,KY,normal
TXN0000261,ACC21954781,ACC63322966,450.16,2023-08-05 16:35:38,check,MX,normal
TXN0000598,ACC95980765,ACC29485098,416.49,2023-08-07 02:19:27,digital_wallet,NG,normal
TXN0000391,ACC62370499,ACC73653527,469.83,2023-08-07 14:50:03,cash,NG,normal
TXN0000735,ACC42076275,ACC83639422,8465.32,2023-08-07 16:33:18,ACH,NG,normal
TXN0000642,ACC59358685,ACC87696082,22104.41,2023-08-07 18:15:16,wire,KY,normal
TXN0000450,ACC39274499,ACC56218256,369.14,2023-08-08 00:01:59,wire,PA,normal
TXN0000525,ACC45123522,ACC52583295,575.43,2023-08-08 00:28:17,ACH,KY,normal
TXN0000777,ACC51982661,ACC07714528,607.46,2023-08-08 03:09:33,wire,US,normal
TXN0000424,ACC60227680,ACC45123522,7764.8,2023-08-09 13:47:17,digital_wallet,US,normal
TXN0000612,ACC26144982,ACC93008687,1663.41,2023-08-10 09:28:40,cash,PA,normal
TXN0000279,ACC43821442,ACC38926395,2007.62,2023-08-10 12:41:38,check,NG,normal
TXN0000833,ACC40089585,ACC73653527,400.93,2023-08-11 03:49:18,ACH,CN,normal
TXN0000604,ACC02298831,ACC17139656,13814.26,2023-08-11 10:04:54,wire,MX,normal
TXN0000234,ACC42076275,ACC57129557,680.34,2023-08-11 16:28:20,check,RU,normal
TXN0000330,ACC42149696,ACC59358685,4640.23,2023-08-11 21:20:19,ACH,PA,normal
TXN0000570,ACC40089585,ACC91919214,1067.13,2023-08-12 09:34:57,ACH,NG,normal
TXN0000007,ACC39274499,ACC89880739,19318.51,2023-08-12 13:38:30,ACH,RU,normal
TXN0000897,ACC35024564,ACC63387334,9446.82,2023-08-12 23:13:29,cash,US,structuring
TXN0000077,ACC62370499,ACC59358685,2060.23,2023-08-13 02:13:37,wire,US,normal
TXN0000619,ACC62370499,ACC83639422,3720.13,2023-08-13 05:59:45,cash,RU,normal
TXN0000042,ACC45123522,ACC63322966,2338.0,2023-08-13 17:43:57,wire,MX,normal
TXN0000496,ACC72624980,ACC40089585,4057.67,2023-08-13 22:00:11,check,MX,normal
TXN0000622,ACC62370499,ACC06298026,3667.27,2023-08-15 00:13:07,wire,US,normal
TXN0000435,ACC21954781,ACC45123522,17214.99,2023-08-15 04:55:39,digital_wallet,US,normal
TXN0000263,ACC21954781,ACC70220212,13.99,2023-08-15 07:31:33,ACH,CN,normal
TXN0000944,ACC25808631,ACC57129557,42743.5,2023-08-15 19:08:40,ACH,NG,layering
TXN0000983,ACC38926395,ACC21784619,4986.89,2023-08-15 20:51:30,cash,US,smurfing
TXN0000945,ACC57129557,ACC07714528,42151.68,2023-08-15 21:08:40,wire,US,layering
TXN0000823,ACC21784619,ACC99814240,56859.99,2023-08-15 23:48:54,wire,US,normal
TXN0000947,ACC72624980,ACC88308904,42731.02,2023-08-16 04:08:40,ACH,KY,layering
TXN0000946,ACC07714528,ACC72624980,43102.14,2023-08-16 05:08:40,wire,KY,layering
TXN0000196,ACC21784619,ACC89880739,3222.7,2023-08-16 07:59:39,digital_wallet,CN,normal
TXN0000205,ACC72624980,ACC93008687,228.95,2023-08-16 18:15:02,digital_wallet,PA,normal
TXN0000741,ACC40250165,ACC83639422,114.28,2023-08-16 19:35:37,ACH,US,normal
TXN0000813,ACC00167403,ACC45592723,15842.74,2023-08-16 22:07:13,digital_wallet,CN,normal
TXN0000588,ACC21784619,ACC99814240,505.34,2023-08-16 23:16:49,wire,CN,normal
TXN0000097,ACC38926395,ACC42076275,2819.12,2023-08-17 00:22:56,wire,MX,normal
TXN0000857,ACC29485098,ACC02298831,518.77,2023-08-17 14:48:30,cash,US,normal
TXN0000863,ACC09577630,ACC40250165,18421.21,2023-08-18 00:20:08,digital_wallet,US,normal
TXN0000995,ACC11387882,ACC40089585,5633.37,2023-08-18 03:32:13,cash,US,smurfing
TXN0000128,ACC87203229,ACC02298831,773.21,2023-08-18 04:52:49,cash,US,normal
TXN0000687,ACC56218256,ACC43821442,1260.81,2023-08-18 18:57:33,check,US,normal
TXN0000443,ACC38926395,ACC42149696,81.36,2023-08-20 09:23:35,wire,PA,normal
TXN0000859,ACC09577630,ACC87696082,789.71,2023-08-20 14:34:13,digital_wallet,CN,normal
TXN0000069,ACC42149696,ACC87696082,3110.24,2023-08-20 18:29:34,cash,US,normal
TXN0000562,ACC59358685,ACC05581901,40664.11,2023-08-21 05:08:50,check,KY,normal
TXN0000227,ACC51982661,ACC99814240,1991.06,2023-08-21 18:06:48,wire,US,normal
TXN0000649,ACC72624980,ACC11387882,1278.7,2023-08-22 00:28:43,digital_wallet,MX,normal
TXN0000914,ACC35024564,ACC21784619,8945.79,2023-08-22 01:21:00,cash,US,structuring
TXN0000318,ACC70220212,ACC57129557,1135.24,2023-08-22 23:16:18,ACH,PA,normal
TXN0000041,ACC52583295,ACC11387882,5473.64,2023-08-24 19:57:24,wire,US,normal
TXN0000820,ACC51982661,ACC88308904,8939.37,2023-08-25 06:10:33,cash,MX,normal
TXN0000666,ACC56218256,ACC21784619,2121.01,2023-08-25 10:43:45,wire,MX,normal
TXN0000825,ACC88827188,ACC11387882,926.81,2023-08-25 12:45:30,cash,MX,normal
TXN0000141,ACC00167403,ACC70220212,2543.23,2023-08-25 16:52:30,check,KY,normal
TXN0000893,ACC35024564,ACC04447690,8057.6,2023-08-26 11:43:24,cash,US,structuring
TXN0000566,ACC52583295,ACC88827188,980.33,2023-08-26 22:34:19,wire,KY,normal
TXN0000530,ACC11387882,ACC35024564,465.69,2023-08-27 09:38:19,digital_wallet,RU,normal
TXN0000582,ACC40250165,ACC63387334,969.78,2023-08-27 11:53:29,ACH,NG,normal
TXN0000355,ACC89880739,ACC45123522,1757.2,2023-08-27 14:53:11,digital_wallet,US,normal
TXN0000414,ACC87203229,ACC63322966,12289.68,2023-08-28 02:31:33,digital_wallet,US,normal
TXN0000051,ACC88827188,ACC07714528,2939.89,2023-08-28 04:43:09,digital_wallet,NG,normal
TXN0000389,ACC52583295,ACC99814240,7522.36,2023-08-28 10:12:03,cash,KY,normal
TXN0000589,ACC04447690,ACC56218256,6282.38,2023-08-28 18:14:14,ACH,MX,normal
TXN0000534,ACC70220212,ACC35024564,293.97,2023-08-29 05:55:04,cash,US,normal
TXN0000720,ACC25808631,ACC21784619,1660.01,2023-08-29 11:08:37,digital_wallet,US,normal
TXN0000167,ACC45592723,ACC40250165,6204.87,2023-08-29 14:35:43,digital_wallet,CN,normal
TXN0000082,ACC45123522,ACC42076275,3089.2,2023-08-30 04:23:39,wire,KY,normal
TXN0000275,ACC91919214,ACC35024564,414.78,2023-08-31 15:00:11,ACH,NG,normal
TXN0000133,ACC29485098,ACC06298026,367.43,2023-09-01 10:11:30,check,PA,normal
TXN0000396,ACC52583295,ACC87696082,894.47,2023-09-02 06:56:24,digital_wallet,RU,normal
TXN0000847,ACC62370499,ACC21954781,2789.88,2023-09-03 01:39:06,ACH,CN,normal
TXN0000309,ACC91919214,ACC45592723,4107.81,2023-09-03 08:12:17,ACH,US,normal
TXN0000298,ACC69111526,ACC40250165,2866.79,2023-09-03 10:14:49,digital_wallet,KY,normal
TXN0000003,ACC02298831,ACC28437201,4776.83,2023-09-03 19:26:10,digital_wallet,CN,normal
TXN0000240,ACC59358685,ACC02298831,6494.1,2023-09-03 22:04:54,wire,PA,normal
TXN0000851,ACC21784619,ACC57129557,710.02,2023-09-04 00:31:54,check,RU,normal
TXN0000100,ACC40089585,ACC57129557,1271.71,2023-09-04 12:37:20,check,US,normal
TXN0000623,ACC09577630,ACC56218256,30425.51,2023-09-04 13:08:33,cash,US,normal
TXN0000811,ACC02298831,ACC99814240,1366.07,2023-09-04 18:26:55,wire,US,normal
TXN0000340,ACC73653527,ACC91919214,776.2,2023-09-05 15:47:42,ACH,CN,normal
TXN0000506,ACC93008687,ACC21784619,870.71,2023-09-05 16:03:40,digital_wallet,NG,normal
TXN0000073,ACC91919214,ACC87203229,1713.44,2023-09-05 17:22:33,check,US,normal
TXN0000143,ACC51982661,ACC56218256,162.19,2023-09-05 17:42:07,cash,NG,normal
TXN0000323,ACC57129557,ACC07714528,529.89,2023-09-06 08:17:09,wire,US,normal
TXN0000349,ACC35024564,ACC72624980,615.44,2023-09-06 11:18:41,digital_wallet,US,normal
TXN0000986,ACC51982661,ACC75750309,7629.29,2023-09-06 21:02:53,cash,US,smurfing
TXN0000347,ACC87203229,ACC06298026,206.0,2023-09-07 11:01:46,wire,NG,normal
TXN0000518,ACC62370499,ACC57129557,417.24,2023-09-08 10:58:16,cash,KY,normal
TXN0000990,ACC42076275,ACC62370499,3707.41,2023-09-08 16:58:37,cash,US,smurfing
TXN0000420,ACC06298026,ACC42572396,2000.75,2023-09-08 20:12:17,wire,US,normal
TXN0000567,ACC88827188,ACC38926395,85.01,2023-09-09 04:05:14,check,CN,normal
TXN0000168,ACC21784619,ACC51982661,31107.04,2023-09-09 12:33:27,wire,NG,normal
TXN0000169,ACC91919214,ACC45123522,1251.27,2023-09-10 03:21:00,check,US,normal
TXN0000758,ACC45592723,ACC42076275,2385.72,2023-09-10 19:28:33,ACH,US,normal
TXN0000515,ACC38926395,ACC70220212,761.16,2023-09-11 21:15:30,wire,US,normal
TXN0000831,ACC09577630,ACC40250165,240.65,2023-09-12 12:46:33,check,MX,normal
TXN0000980,ACC43821442,ACC21954781,3833.4,2023-09-12 13:27:03,cash,US,smurfing
TXN0000394,ACC45592723,ACC88308904,28203.13,2023-09-12 14:33:02,digital_wallet,KY,normal
TXN0000679,ACC73653527,ACC63387334,7357.81,2023-09-12 15:35:51,check,US,normal
TXN0000306,ACC75750309,ACC09577630,2155.96,2023-09-13 04:39:24,wire,KY,normal
TXN0000691,ACC60227680,ACC42149696,1052.11,2023-09-13 06:30:57,check,MX,normal
TXN0000106,ACC02298831,ACC60227680,3314.55,2023-09-13 09:50:20,digital_wallet,NG,normal
TXN0000667,ACC28437201,ACC63387334,1233.41,2023-09-13 13:29:33,ACH,US,normal
TXN0000522,ACC69111526,ACC42076275,4084.85,2023-09-13 14:01:21,wire,US,normal
TXN0000357,ACC83639422,ACC52583295,1758.52,2023-09-13 19:50:07,digital_wallet,KY,normal
TXN0000002,ACC63387334,ACC52583295,1469.39,2023-09-13 20:56:02,wire,MX,normal
TXN0000472,ACC45123522,ACC83639422,57.23,2023-09-14 09:37:32,digital_wallet,US,normal
TXN0000830,ACC11387882,ACC99814240,1184.79,2023-09-14 12:35:19,cash,US,normal
TXN0000185,ACC00167403,ACC17139656,1293.11,2023-09-14 17:30:13,wire,US,normal
TXN0000089,ACC89880739,ACC40089585,816.77,2023-09-14 18:40:21,ACH,RU,normal
TXN0000047,ACC69111526,ACC57129557,906.0,2023-09-14 21:49:32,cash,US,normal
TXN0000458,ACC70220212,ACC38926395,382.66,2023-09-15 00:21:12,digital_wallet,US,normal
TXN0000900,ACC45592723,ACC04447690,9351.91,2023-09-15 19:02:53,cash,US,structuring
TXN0000301,ACC39274499,ACC00167403,521.39,2023-09-16 00:23:21,wire,PA,normal
TXN0000632,ACC70220212,ACC43821442,17931.7,2023-09-16 01:40:15,ACH,US,normal
TXN0000202,ACC57129557,ACC06298026,4193.02,2023-09-16 07:15:16,cash,CN,normal
TXN0000746,ACC04447690,ACC51982661,608.74,2023-09-16 11:12:17,digital_wallet,US,normal
TXN0000226,ACC62370499,ACC87696082,9259.69,2023-09-17 02:07:34,cash,US,normal
TXN0000932,ACC42149696,ACC04447690,119157.66,2023-09-17 02:21:22,ACH,RU,layering
TXN0000934,ACC72624980,ACC45592723,115117.23,2023-09-17 04:21:22,wire,US,layering
TXN0000778,ACC42149696,ACC91919214,1247.28,2023-09-17 05:15:25,wire,US,normal
TXN0000012,ACC87203229,ACC56218256,899.11,2023-09-17 06:16:31,digital_wallet,PA,normal
TXN0000933,ACC04447690,ACC72624980,120362.48,2023-09-17 07:21:22,wire,US,layering
TXN0000935,ACC45592723,ACC40089585,113719.6,2023-09-17 08:21:22,ACH,MX,layering
TXN0000415,ACC75750309,ACC93008687,2976.4,2023-09-18 03:18:18,digital_wallet,US,normal
TXN0000467,ACC05581901,ACC11387882,4542.58,2023-09-18 23:42:51,wire,US,normal
TXN0000165,ACC38926395,ACC63387334,7669.94,2023-09-19 02:40:13,cash,KY,normal
TXN0000484,ACC07714528,ACC29485098,2453.32,2023-09-19 15:04:38,digital_wallet,KY,normal
TXN0000510,ACC02298831,ACC91919214,519.87,2023-09-19 18:26:32,check,US,normal
TXN0000162,ACC38926395,ACC09577630,5887.74,2023-09-19 21:55:17,check,PA,normal
TXN0000409,ACC17139656,ACC42076275,2165.58,2023-09-20 18:34:35,digital_wallet,RU,normal
TXN0000784,ACC87696082,ACC42076275,4518.24,2023-09-21 03:04:58,digital_wallet,US,normal
TXN0000533,ACC57129557,ACC00167403,1637.43,2023-09-21 23:12:54,digital_wallet,RU,normal
TXN0000838,ACC42149696,ACC00167403,404.43,2023-09-21 23:22:42,cash,US,normal
TXN0000636,ACC51982661,ACC87696082,151.07,2023-09-22 01:53:54,check,US,normal
TXN0000382,ACC07714528,ACC21784619,735.77,2023-09-22 05:46:29,digital_wallet,US,normal
TXN0000656,ACC43821442,ACC69111526,1976.0,2023-09-23 05:28:52,ACH,NG,normal
TXN0000193,ACC99814240,ACC57129557,2492.75,2023-09-24 10:53:31,wire,NG,normal
TXN0000630,ACC57129557,ACC95980765,9332.77,2023-09-25 10:08:29,ACH,MX,normal
TXN0000610,ACC63387334,ACC40089585,17052.75,2023-09-25 15:11:26,cash,KY,normal
TXN0000086,ACC39274499,ACC05581901,851.81,2023-09-25 17:24:16,digital_wallet,NG,normal
TXN0000888,ACC07714528,ACC99814240,9700.49,2023-09-26 00:03:24,cash,US,structuring
TXN0000335,ACC21784619,ACC42572396,7806.25,2023-09-27 12:22:06,check,US,normal
TXN0000476,ACC87696082,ACC06298026,1244.45,2023-09-28 10:03:53,check,RU,normal
TXN0000766,ACC95980765,ACC39274499,629.69,2023-09-28 18:20:39,digital_wallet,PA,normal
TXN0000514,ACC42076275,ACC75750309,463.43,2023-09-28 18:42:48,ACH,MX,normal
TXN0000264,ACC45123522,ACC88827188,388.94,2023-09-29 06:18:18,check,US,normal
TXN0000149,ACC42076275,ACC42572396,3955.7,2023-09-29 13:45:12,cash,US,normal
TXN0000734,ACC40250165,ACC73653527,140.63,2023-09-30 01:41:59,cash,KY,normal
TXN0000871,ACC21784619,ACC11387882,8274.19,2023-09-30 05:00:34,cash,US,structuring
TXN0000617,ACC88827188,ACC87203229,2130.46,2023-09-30 09:46:08,ACH,US,normal
TXN0000564,ACC25808631,ACC43821442,1108.72,2023-09-30 11:42:19,digital_wallet,KY,normal
TXN0000634,ACC88827188,ACC70220212,953.06,2023-10-01 06:56:28,wire,US,normal
TXN0000444,ACC05581901,ACC87696082,1581.8,2023-10-01 07:34:32,cash,US,normal
TXN0000136,ACC42149696,ACC89880739,18488.45,2023-10-01 08:44:16,wire,NG,normal
TXN0000896,ACC06298026,ACC60227680,9735.8,2023-10-01 16:10:04,cash,US,structuring
TXN0000126,ACC63387334,ACC45592723,48323.99,2023-10-01 21:12:00,check,RU,normal
TXN0000071,ACC45123522,ACC60227680,3109.12,2023-10-02 23:12:38,digital_wallet,US,normal
TXN0000558,ACC09577630,ACC56218256,944.98,2023-10-03 02:27:34,ACH,NG,normal
TXN0000338,ACC28437201,ACC04447690,1116.46,2023-10-03 13:23:48,wire,PA,normal
TXN0000864,ACC17139656,ACC43821442,26737.34,2023-10-04 04:01:35,wire,RU,normal
TXN0000283,ACC72624980,ACC63322966,19516.69,2023-10-04 06:44:15,digital_wallet,US,normal
TXN0000386,ACC25808631,ACC87203229,2265.59,2023-10-05 03:09:29,cash,NG,normal
TXN0000411,ACC25808631,ACC42572396,5257.56,2023-10-05 08:16:45,wire,CN,normal
TXN0000256,ACC63322966,ACC21954781,874.5,2023-10-05 09:54:12,wire,PA,normal
TXN0000561,ACC28437201,ACC83639422,2792.42,2023-10-05 18:29:10,check,RU,normal
TXN0000872,ACC63322966,ACC87696082,9234.78,2023-10-07 03:59:12,cash,US,structuring
TXN0000066,ACC51982661,ACC17139656,13826.75,2023-10-08 02:51:26,ACH,CN,normal
TXN0000919,ACC73653527,ACC42149696,8818.01,2023-10-08 05:57:05,cash,US,structuring
TXN0000483,ACC70220212,ACC69111526,162.44,2023-10-09 09:37:08,ACH,US,normal
TXN0000120,ACC60227680,ACC42572396,5585.33,2023-10-09 23:17:08,cash,KY,normal
TXN0000173,ACC40089585,ACC63387334,1610.58,2023-10-10 04:23:41,ACH,RU,normal
TXN0000890,ACC87203229,ACC73653527,8117.23,2023-10-10 04:38:32,cash,US,structuring
TXN0000322,ACC05581901,ACC25808631,4414.88,2023-10-10 06:24:04,cash,KY,normal
TXN0000378,ACC87203229,ACC88308904,2380.37,2023-10-10 12:51:59,cash,RU,normal
TXN0000201,ACC99814240,ACC39274499,3092.33,2023-10-11 08:28:53,wire,CN,normal
TXN0000853,ACC69111526,ACC95980765,695.01,2023-10-11 18:14:10,cash,US,normal
TXN0000639,ACC29485098,ACC70220212,261.14,2023-10-11 19:12:30,wire,US,normal
TXN0000744,ACC87203229,ACC52583295,1880.21,2023-10-12 10:00:56,check,NG,normal
TXN0000500,ACC56218256,ACC52583295,227.19,2023-10-12 13:55:56,cash,US,normal
TXN0000992,ACC72624980,ACC87203229,4276.81,2023-10-12 21:07:52,cash,US,smurfing
TXN0000747,ACC29485098,ACC45123522,2392.63,2023-10-13 01:19:44,cash,US,normal
TXN0000026,ACC69111526,ACC63387334,2135.35,2023-10-13 07:17:08,digital_wallet,KY,normal
TXN0000332,ACC17139656,ACC40250165,470.65,2023-10-13 16:59:12,ACH,NG,normal
TXN0000686,ACC42076275,ACC45123522,5268.48,2023-10-15 05:20:52,digital_wallet,US,normal
TXN0000527,ACC29485098,ACC42149696,157.38,2023-10-15 06:55:29,ACH,US,normal
TXN0000837,ACC45592723,ACC87203229,18504.16,2023-10-15 17:51:52,cash,PA,normal
TXN0000151,ACC38926395,ACC35024564,2632.63,2023-10-17 04:48:59,wire,KY,normal
TXN0000569,ACC51982661,ACC02298831,109.27,2023-10-18 01:10:29,digital_wallet,PA,normal
TXN0000157,ACC42572396,ACC06298026,29692.86,2023-10-18 07:01:35,check,US,normal
TXN0000054,ACC05581901,ACC75750309,4525.64,2023-10-19 10:56:45,check,KY,normal
TXN0000584,ACC26144982,ACC07714528,54504.54,2023-10-20 04:10:54,wire,KY,normal
TXN0000277,ACC21784619,ACC42572396,2437.16,2023-10-20 04:47:38,check,US,normal
TXN0000646,ACC63322966,ACC87203229,1201.01,2023-10-20 05:18:06,wire,KY,normal
TXN0000025,ACC04447690,ACC45123522,799.05,2023-10-20 14:53:49,check,RU,normal
TXN0000469,ACC69111526,ACC26144982,815.86,2023-10-20 23:23:03,wire,US,normal
TXN0000384,ACC72624980,ACC43821442,821.69,2023-10-21 04:47:07,ACH,US,normal
TXN0000013,ACC11387882,ACC06298026,2599.16,2023-10-21 07:26:25,check,KY,normal
TXN0000154,ACC88308904,ACC38926395,2561.58,2023-10-21 10:29:27,ACH,US,normal
TXN0000291,ACC91919214,ACC87203229,1323.21,2023-10-22 16:54:43,check,NG,normal
TXN0000606,ACC42149696,ACC25808631,30187.82,2023-10-23 03:45:06,check,PA,normal
TXN0000244,ACC11387882,ACC83639422,6625.18,2023-10-23 05:43:12,wire,US,normal
TXN0000688,ACC09577630,ACC69111526,1030.47,2023-10-23 08:12:28,ACH,US,normal
TXN0000367,ACC99814240,ACC87203229,2530.42,2023-10-23 09:54:41,cash,PA,normal
TXN0000627,ACC21954781,ACC38926395,409.77,2023-10-24 00:43:20,wire,US,normal
TXN0000215,ACC07714528,ACC91919214,1126.75,2023-10-24 02:10:18,cash,CN,normal
TXN0000083,ACC63387334,ACC63322966,16594.74,2023-10-24 05:13:30,ACH,US,normal
TXN0000098,ACC42076275,ACC25808631,2674.67,2023-10-24 08:41:29,ACH,NG,normal
TXN0000284,ACC42572396,ACC70220212,282.39,2023-10-24 08:45:51,ACH,MX,normal
TXN0000079,ACC17139656,ACC72624980,2074.84,2023-10-24 21:07:45,check,KY,normal
TXN0000829,ACC83639422,ACC87696082,962.68,2023-10-25 06:44:18,ACH,US,normal
TXN0000456,ACC35024564,ACC87203229,550.43,2023-10-25 10:01:52,check,CN,normal
TXN0000360,ACC88827188,ACC26144982,522.78,2023-10-25 20:34:33,digital_wallet,RU,normal
TXN0000212,ACC57129557,ACC72624980,9930.32,2023-10-26 00:59:22,digital_wallet,KY,normal
TXN0000818,ACC40250165,ACC35024564,6866.75,2023-10-26 02:17:46,wire,NG,normal
TXN0000359,ACC25808631,ACC88827188,2933.87,2023-10-27 10:26:57,digital_wallet,MX,normal
TXN0000865,ACC89880739,ACC88308904,721.13,2023-10-27 12:34:04,digital_wallet,KY,normal
TXN0000998,ACC39274499,ACC43821442,4451.49,2023-10-27 20:54:41,cash,US,smurfing
TXN0000045,ACC63322966,ACC91919214,196.81,2023-10-28 00:02:37,cash,KY,normal
TXN0000471,ACC42076275,ACC11387882,1196.82,2023-10-28 00:34:40,cash,US,normal
TXN0000603,ACC42076275,ACC63387334,6663.56,2023-10-28 00:39:57,check,PA,normal
TXN0000410,ACC99814240,ACC04447690,3911.43,2023-10-28 05:28:54,ACH,MX,normal
TXN0000849,ACC26144982,ACC42149696,694.64,2023-10-28 09:56:11,ACH,KY,normal
TXN0000400,ACC39274499,ACC02298831,11576.41,2023-10-28 23:15:55,digital_wallet,NG,normal
TXN0000609,ACC05581901,ACC17139656,125.45,2023-10-29 05:24:39,ACH,US,normal
TXN0000310,ACC59358685,ACC73653527,1335.03,2023-10-29 10:37:07,check,US,normal
TXN0000280,ACC35024564,ACC42572396,1014.38,2023-10-30 04:38:30,check,PA,normal
TXN0000879,ACC83639422,ACC70220212,9022.9,2023-10-30 19:14:39,cash,US,structuring
TXN0000807,ACC99814240,ACC87203229,2522.99,2023-10-31 02:56:25,digital_wallet,KY,normal
TXN0000326,ACC11387882,ACC38926395,292.57,2023-10-31 10:21:19,check,US,normal
TXN0000920,ACC21784619,ACC95980765,93990.47,2023-10-31 11:21:57,wire,RU,layering
TXN0000791,ACC40089585,ACC87696082,3444.13,2023-10-31 13:50:18,check,US,normal
TXN0000921,ACC95980765,ACC17139656,92517.0,2023-10-31 17:21:57,wire,NG,layering
TXN0000922,ACC17139656,ACC99814240,96719.08,2023-10-31 21:21:57,wire,NG,layering
TXN0000046,ACC17139656,ACC42076275,614.15,2023-10-31 22:41:24,wire,CN,normal
TXN0000923,ACC99814240,ACC26144982,92085.81,2023-11-01 05:21:57,wire,PA,layering
TXN0000628,ACC63322966,ACC89880739,1497.15,2023-11-01 10:22:55,check,US,normal
TXN0000536,ACC29485098,ACC73653527,1941.27,2023-11-01 10:23:13,ACH,RU,normal
TXN0000794,ACC35024564,ACC63322966,266.37,2023-11-02 03:40:48,cash,PA,normal
TXN0000158,ACC95980765,ACC87203229,3680.3,2023-11-02 10:49:50,digital_wallet,CN,normal
TXN0000964,ACC25808631,ACC91919214,37876.05,2023-11-02 14:21:50,wire,MX,layering
TXN0000966,ACC59358685,ACC04447690,38408.82,2023-11-02 16:21:50,ACH,US,layering
TXN0000965,ACC91919214,ACC59358685,38186.52,2023-11-02 18:21:50,ACH,RU,layering
TXN0000967,ACC04447690,ACC02298831,37280.05,2023-11-02 20:21:50,ACH,PA,layering
TXN0000183,ACC35024564,ACC83639422,362.73,2023-11-03 06:41:33,digital_wallet,US,normal
TXN0000186,ACC60227680,ACC04447690,5276.41,2023-11-03 19:11:26,ACH,KY,normal
TXN0000163,ACC43821442,ACC70220212,10279.36,2023-11-04 01:41:24,check,US,normal
TXN0000266,ACC29485098,ACC88827188,278.2,2023-11-04 10:49:27,cash,US,normal
TXN0000910,ACC60227680,ACC63322966,9207.8,2023-11-04 13:16:18,cash,US,structuring
TXN0000140,ACC42076275,ACC38926395,285.35,2023-11-04 18:49:00,ACH,US,normal
TXN0000960,ACC73653527,ACC21954781,27541.31,2023-11-05 10:37:06,wire,MX,layering
TXN0000961,ACC21954781,ACC25808631,28004.88,2023-11-05 14:37:06,ACH,RU,layering
TXN0000724,ACC89880739,ACC69111526,5513.18,2023-11-05 16:30:14,wire,RU,normal
TXN0000968,ACC42572396,ACC89880739,177269.13,2023-11-05 18:05:47,ACH,US,layering
TXN0000962,ACC25808631,ACC70220212,27733.31,2023-11-05 18:37:06,wire,PA,layering
TXN0000971,ACC45123522,ACC38926395,171527.08,2023-11-05 21:05:47,ACH,US,layering
TXN0000969,ACC89880739,ACC83639422,171634.85,2023-11-05 23:05:47,wire,US,layering
TXN0000970,ACC83639422,ACC45123522,162440.93,2023-11-06 04:05:47,ACH,PA,layering
TXN0000963,ACC70220212,ACC59358685,26808.99,2023-11-06 04:37:06,wire,KY,layering
TXN0000393,ACC40089585,ACC45123522,249.55,2023-11-06 10:17:35,wire,KY,normal
TXN0000759,ACC05581901,ACC59358685,498.93,2023-11-07 09:01:59,wire,MX,normal
TXN0000111,ACC89880739,ACC11387882,101.68,2023-11-07 10:08:38,ACH,US,normal
TXN0000710,ACC56218256,ACC63322966,23033.03,2023-11-09 04:51:38,ACH,US,normal
TXN0000010,ACC51982661,ACC00167403,4079.95,2023-11-09 06:50:49,digital_wallet,NG,normal
TXN0000479,ACC73653527,ACC83639422,183197.71,2023-11-09 22:22:41,check,US,normal
TXN0000739,ACC21784619,ACC95980765,21987.11,2023-11-10 04:36:57,ACH,CN,normal
TXN0000160,ACC88308904,ACC45592723,4840.78,2023-11-10 05:01:03,cash,CN,normal
TXN0000451,ACC56218256,ACC38926395,1645.8,2023-11-10 08:59:46,cash,US,normal
TXN0000984,ACC40089585,ACC83639422,6684.6,2023-11-10 16:18:26,cash,US,smurfing
TXN0000779,ACC28437201,ACC04447690,1617.04,2023-11-10 20:47:06,digital_wallet,RU,normal
TXN0000427,ACC07714528,ACC95980765,425.22,2023-11-11 02:41:30,wire,CN,normal
TXN0000994,ACC87696082,ACC40250165,7105.57,2023-11-12 14:22:34,cash,US,smurfing
TXN0000182,ACC40089585,ACC26144982,499.83,2023-11-12 18:12:10,ACH,CN,normal
TXN0000641,ACC29485098,ACC35024564,1092.61,2023-11-12 21:08:18,ACH,US,normal
TXN0000242,ACC09577630,ACC88827188,1522.17,2023-11-13 12:41:43,ACH,US,normal
TXN0000615,ACC02298831,ACC38926395,70871.81,2023-11-13 14:02:12,wire,US,normal
TXN0000452,ACC99814240,ACC88308904,7575.79,2023-11-14 01:53:44,wire,US,normal
TXN0000524,ACC42149696,ACC73653527,4255.2,2023-11-15 19:21:53,check,US,normal
TXN0000499,ACC88308904,ACC42149696,486.18,2023-11-16 01:47:30,check,NG,normal
TXN0000076,ACC45592723,ACC17139656,6203.41,2023-11-16 06:40:23,wire,RU,normal
TXN0000605,ACC35024564,ACC69111526,3361.53,2023-11-16 17:33:06,cash,PA,normal
TXN0000346,ACC35024564,ACC39274499,2560.8,2023-11-16 18:04:45,digital_wallet,US,normal
TXN0000092,ACC11387882,ACC63387334,7730.8,2023-11-17 02:28:35,digital_wallet,MX,normal
TXN0000052,ACC56218256,ACC57129557,1014.73,2023-11-17 16:24:15,digital_wallet,MX,normal
TXN0000431,ACC89880739,ACC99814240,306.47,2023-11-18 04:06:13,check,PA,normal
TXN0000390,ACC21954781,ACC02298831,761.01,2023-11-18 16:12:59,digital_wallet,PA,normal
TXN0000267,ACC28437201,ACC91919214,20923.26,2023-11-18 22:27:27,digital_wallet,US,normal
TXN0000181,ACC26144982,ACC59358685,4621.62,2023-11-19 06:27:46,digital_wallet,US,normal
TXN0000711,ACC60227680,ACC93008687,2481.27,2023-11-19 11:37:51,ACH,US,normal
TXN0000053,ACC06298026,ACC75750309,654.99,2023-11-19 14:58:27,wire,MX,normal
TXN0000874,ACC35024564,ACC88308904,9045.77,2023-11-19 22:32:50,cash,US,structuring
TXN0000114,ACC17139656,ACC88827188,72755.75,2023-11-20 04:08:11,ACH,NG,normal
TXN0000152,ACC63387334,ACC62370499,3040.18,2023-11-20 10:37:16,cash,US,normal
TXN0000854,ACC06298026,ACC42149696,10759.29,2023-11-20 14:15:14,digital_wallet,US,normal
TXN0000174,ACC88827188,ACC63322966,3016.12,2023-11-20 18:34:57,check,KY,normal
TXN0000293,ACC88308904,ACC26144982,746.92,2023-11-21 06:25:12,ACH,PA,normal
TXN0000878,ACC70220212,ACC87203229,9147.73,2023-11-21 09:58:40,cash,US,structuring
TXN0000297,ACC59358685,ACC17139656,6970.2,2023-11-21 22:29:41,check,KY,normal
TXN0000814,ACC04447690,ACC52583295,2428.02,2023-11-22 07:29:56,cash,US,normal
TXN0000529,ACC57129557,ACC51982661,2669.33,2023-11-22 17:00:51,wire,CN,normal
TXN0000038,ACC75750309,ACC95980765,95.63,2023-11-22 22:10:47,wire,KY,normal
TXN0000690,ACC04447690,ACC89880739,3520.63,2023-11-23 01:23:48,wire,CN,normal
TXN0000029,ACC09577630,ACC52583295,734.39,2023-11-23 10:04:50,check,US,normal
TXN0000113,ACC70220212,ACC51982661,1979.0,2023-11-23 18:28:09,wire,NG,normal
TXN0000596,ACC00167403,ACC06298026,841.32,2023-11-23 23:52:15,check,KY,normal
TXN0000801,ACC45123522,ACC07714528,7386.62,2023-11-24 07:53:57,check,US,normal
TXN0000928,ACC87203229,ACC39274499,108863.41,2023-11-24 10:01:23,wire,US,layering
TXN0000824,ACC02298831,ACC28437201,1049.16,2023-11-24 11:58:33,cash,PA,normal
TXN0000930,ACC11387882,ACC91919214,111328.7,2023-11-24 14:01:23,wire,PA,layering
TXN0000929,ACC39274499,ACC11387882,103344.98,2023-11-24 16:01:23,ACH,CN,layering
TXN0000913,ACC93008687,ACC75750309,8908.47,2023-11-24 22:47:32,cash,US,structuring
TXN0000931,ACC91919214,ACC63387334,107079.19,2023-11-25 04:01:23,ACH,US,layering
TXN0000210,ACC63322966,ACC04447690,584842.14,2023-11-25 07:27:04,digital_wallet,CN,normal
TXN0000353,ACC87696082,ACC42572396,6545.21,2023-11-25 12:40:25,wire,MX,normal
TXN0000478,ACC45592723,ACC75750309,2883.83,2023-11-26 20:25:52,ACH,MX,normal
TXN0000006,ACC45592723,ACC21784619,1272.57,2023-11-27 00:07:45,wire,NG,normal
TXN0000426,ACC62370499,ACC87203229,14086.15,2023-11-27 12:27:06,digital_wallet,NG,normal
TXN0000976,ACC42076275,ACC28437201,8539.63,2023-11-27 15:30:31,cash,US,smurfing
TXN0000973,ACC57129557,ACC26144982,8886.58,2023-11-27 16:10:18,cash,US,smurfing
TXN0000262,ACC88308904,ACC09577630,1653.6,2023-11-27 17:10:22,digital_wallet,US,normal
TXN0000821,ACC57129557,ACC29485098,832.2,2023-11-27 17:21:30,cash,NG,normal
TXN0000132,ACC88827188,ACC70220212,2003.89,2023-11-27 19:01:40,cash,PA,normal
TXN0000882,ACC00167403,ACC25808631,8580.84,2023-11-28 01:14:00,cash,US,structuring
TXN0000336,ACC17139656,ACC87203229,1450.14,2023-11-28 04:55:01,wire,NG,normal
TXN0000176,ACC05581901,ACC75750309,6252.74,2023-11-29 05:22:25,cash,US,normal
TXN0000102,ACC28437201,ACC63322966,962.02,2023-11-30 02:39:06,ACH,CN,normal
TXN0000991,ACC70220212,ACC11387882,8471.65,2023-11-30 11:47:28,cash,US,smurfing
TXN0000645,ACC38926395,ACC05581901,1250.61,2023-11-30 23:25:54,ACH,US,normal
TXN0000081,ACC05581901,ACC45123522,1300.48,2023-12-01 01:20:03,digital_wallet,RU,normal
TXN0000366,ACC83639422,ACC06298026,990.46,2023-12-01 13:37:22,cash,CN,normal
TXN0000015,ACC52583295,ACC63387334,136.0,2023-12-01 13:42:52,check,NG,normal
TXN0000846,ACC83639422,ACC06298026,3784.53,2023-12-01 22:05:38,ACH,US,normal
TXN0000542,ACC11387882,ACC06298026,332.1,2023-12-02 10:26:12,check,US,normal
TXN0000118,ACC63387334,ACC87203229,313.24,2023-12-02 13:18:53,wire,MX,normal
TXN0000371,ACC39274499,ACC75750309,1875.75,2023-12-03 01:15:01,ACH,CN,normal
TXN0000805,ACC42149696,ACC87696082,942.24,2023-12-03 18:47:13,cash,US,normal
TXN0000843,ACC02298831,ACC17139656,335.6,2023-12-03 21:39:54,check,PA,normal
TXN0000940,ACC72624980,ACC93008687,55316.71,2023-12-04 10:16:06,wire,CN,layering
TXN0000942,ACC60227680,ACC63387334,52563.87,2023-12-04 14:16:06,wire,US,layering
TXN0000941,ACC93008687,ACC60227680,55170.69,2023-12-04 15:16:06,wire,US,layering
TXN0000903,ACC45592723,ACC02298831,8330.64,2023-12-04 17:08:27,cash,US,structuring
TXN0000457,ACC29485098,ACC05581901,1539.87,2023-12-04 17:26:54,check,RU,normal
TXN0000943,ACC63387334,ACC88308904,56343.48,2023-12-05 04:16:06,wire,RU,layering
TXN0000273,ACC28437201,ACC21954781,10350.04,2023-12-07 08:34:21,digital_wallet,US,normal
TXN0000886,ACC21784619,ACC07714528,9465.4,2023-12-08 04:46:07,cash,US,structuring
TXN0000034,ACC21954781,ACC42149696,369.97,2023-12-08 14:50:20,check,MX,normal
TXN0000640,ACC06298026,ACC43821442,259.14,2023-12-09 03:24:45,cash,US,normal
TXN0000422,ACC00167403,ACC39274499,25160.01,2023-12-09 15:07:08,ACH,US,normal
TXN0000492,ACC43821442,ACC02298831,16645.85,2023-12-09 20:24:13,check,NG,normal
TXN0000286,ACC51982661,ACC05581901,96.72,2023-12-10 13:20:49,cash,US,normal
TXN0000009,ACC42149696,ACC35024564,894.07,2023-12-10 21:08:02,wire,RU,normal
TXN0000889,ACC39274499,ACC28437201,9593.02,2023-12-11 03:30:23,cash,US,structuring
TXN0000520,ACC26144982,ACC91919214,5580.76,2023-12-11 16:36:20,digital_wallet,NG,normal
TXN0000761,ACC21954781,ACC52583295,762.45,2023-12-11 20:07:09,check,US,normal
TXN0000654,ACC59358685,ACC87696082,343.85,2023-12-12 03:30:46,wire,CN,normal
TXN0000911,ACC89880739,ACC45123522,9016.17,2023-12-12 16:52:05,cash,US,structuring
TXN0000339,ACC69111526,ACC42572396,3359.0,2023-12-13 03:48:48,cash,US,normal
TXN0000901,ACC83639422,ACC42076275,9974.6,2023-12-13 10:43:09,cash,US,structuring
TXN0000993,ACC59358685,ACC89880739,7728.26,2023-12-13 11:01:22,cash,US,smurfing
TXN0000828,ACC88827188,ACC73653527,825.27,2023-12-13 13:31:35,cash,US,normal
TXN0000019,ACC21954781,ACC06298026,463.11,2023-12-13 19:36:48,digital_wallet,US,normal
TXN0000763,ACC11387882,ACC21784619,84130.7,2023-12-13 21:28:16,check,US,normal
TXN0000728,ACC51982661,ACC40250165,3045.35,2023-12-14 21:07:58,cash,US,normal
TXN0000253,ACC72624980,ACC63387334,43618.4,2023-12-14 22:10:36,wire,NG,normal
TXN0000526,ACC29485098,ACC38926395,120.62,2023-12-15 04:13:32,digital_wallet,CN,normal
TXN0000918,ACC63322966,ACC25808631,8328.15,2023-12-15 07:47:02,cash,US,structuring
TXN0000694,ACC25808631,ACC51982661,4554.65,2023-12-15 11:19:31,digital_wallet,RU,normal
TXN0000714,ACC59358685,ACC95980765,3290.2,2023-12-17 11:52:23,check,US,normal
TXN0000880,ACC09577630,ACC63322966,8511.53,2023-12-18 09:38:18,cash,US,structuring
TXN0000292,ACC21784619,ACC60227680,863.07,2023-12-18 19:12:13,wire,US,normal
TXN0000241,ACC02298831,ACC95980765,550.72,2023-12-18 19:48:42,cash,CN,normal
TXN0000043,ACC42076275,ACC38926395,1520.09,2023-12-19 15:25:01,check,RU,normal
TXN0000876,ACC72624980,ACC62370499,8415.18,2023-12-20 15:07:19,cash,US,structuring
TXN0000474,ACC40089585,ACC63387334,14049.07,2023-12-21 00:31:10,ACH,RU,normal
TXN0000159,ACC87696082,ACC02298831,302.79,2023-12-21 18:18:56,cash,US,normal
TXN0000333,ACC87696082,ACC29485098,2025.77,2023-12-21 18:49:59,digital_wallet,US,normal
TXN0000713,ACC40089585,ACC88308904,798.41,2023-12-23 07:03:14,wire,US,normal
TXN0000616,ACC42149696,ACC39274499,2194.77,2023-12-23 19:32:42,wire,MX,normal
TXN0000740,ACC73653527,ACC00167403,8279.64,2023-12-23 19:39:27,cash,US,normal
TXN0000519,ACC63322966,ACC87696082,2098.54,2023-12-23 23:07:10,wire,US,normal
TXN0000573,ACC42572396,ACC39274499,2952.45,2023-12-24 12:07:29,wire,US,normal
TXN0000117,ACC29485098,ACC95980765,1716.31,2023-12-25 00:26:02,digital_wallet,PA,normal
TXN0000203,ACC83639422,ACC38926395,9178.11,2023-12-25 10:50:38,check,US,normal
TXN0000716,ACC93008687,ACC52583295,9461.18,2023-12-25 21:31:55,digital_wallet,RU,normal
TXN0000521,ACC07714528,ACC25808631,147.8,2023-12-25 21:47:19,wire,MX,normal
TXN0000665,ACC75750309,ACC70220212,620.63,2023-12-26 02:09:19,check,US,normal
TXN0000418,ACC60227680,ACC72624980,2150.62,2023-12-27 19:50:12,ACH,RU,normal
TXN0000289,ACC40250165,ACC06298026,2755.87,2023-12-28 11:55:34,wire,CN,normal
TXN0000388,ACC87203229,ACC06298026,30159.53,2023-12-28 16:59:08,digital_wallet,CN,normal
TXN0000408,ACC04447690,ACC72624980,1460.35,2023-12-29 14:43:05,cash,MX,normal
TXN0000902,ACC60227680,ACC28437201,8313.7,2023-12-29 22:46:22,cash,US,structuring
TXN0000352,ACC52583295,ACC06298026,16531.69,2023-12-30 00:23:17,ACH,CN,normal
TXN0000732,ACC29485098,ACC04447690,416.73,2023-12-30 04:45:07,ACH,US,normal
TXN0000465,ACC21784619,ACC35024564,1527.68,2023-12-30 14:22:11,wire,US,normal
TXN0000487,ACC60227680,ACC26144982,685.49,2023-12-30 22:57:43,ACH,US,normal
